local_id,name,test_name,test_date,result,doctor,report_image
ECG-400000,James Mitchell,Resting ECG,2025-01-15,Normal Sinus Rhythm,Dr. Montgomery,https://upload.wikimedia.org/wikipedia/commons/thumb/6/6c/E000754_%28CardioNetworks_ECGpedia%29.jpg/500px-E000754_%28CardioNetworks_ECGpedia%29.jpg
ECG-400001,Patricia Williams,Resting ECG,2025-02-24,Normal Sinus Rhythm,Dr. Kim,https://upload.wikimedia.org/wikipedia/commons/thumb/7/72/E333_%28CardioNetworks_ECGpedia%29.jpg/500px-E333_%28CardioNetworks_ECGpedia%29.jpg
ECG-400001,Patricia Williams,Resting ECG,2025-07-21,Normal Sinus Rhythm — LVEF preserved,Dr. Abrams,https://upload.wikimedia.org/wikipedia/commons/thumb/7/72/E333_%28CardioNetworks_ECGpedia%29.jpg/500px-E333_%28CardioNetworks_ECGpedia%29.jpg
ECG-400002,Marcus Johnson,Resting ECG,2025-03-12,Sinus tachycardia — HR 105,Dr. Barnes,https://upload.wikimedia.org/wikipedia/commons/thumb/7/72/E333_%28CardioNetworks_ECGpedia%29.jpg/500px-E333_%28CardioNetworks_ECGpedia%29.jpg
ECG-400002,Marcus Johnson,Resting ECG,2025-05-07,Normal Sinus Rhythm,Dr. Patel,https://upload.wikimedia.org/wikipedia/commons/thumb/7/72/E333_%28CardioNetworks_ECGpedia%29.jpg/500px-E333_%28CardioNetworks_ECGpedia%29.jpg
ECG-400003,Robert Chen,Resting ECG,2025-02-04,Normal Sinus Rhythm,Dr. Okafor,https://upload.wikimedia.org/wikipedia/commons/thumb/6/6c/E000754_%28CardioNetworks_ECGpedia%29.jpg/500px-E000754_%28CardioNetworks_ECGpedia%29.jpg
ECG-400004,Dorothy Thompson,Resting ECG,2024-11-12,Normal Sinus Rhythm,Dr. Nakamura,https://upload.wikimedia.org/wikipedia/commons/thumb/7/72/E333_%28CardioNetworks_ECGpedia%29.jpg/500px-E333_%28CardioNetworks_ECGpedia%29.jpg
ECG-400005,William Davis,Resting ECG,2025-05-08,Normal Sinus Rhythm,Dr. Kapoor,https://upload.wikimedia.org/wikipedia/commons/thumb/6/6c/E000754_%28CardioNetworks_ECGpedia%29.jpg/500px-E000754_%28CardioNetworks_ECGpedia%29.jpg
ECG-400006,Sarah Martinez,Resting ECG,2025-05-27,Normal Sinus Rhythm,Dr. Abrams,https://upload.wikimedia.org/wikipedia/commons/thumb/6/6c/E000754_%28CardioNetworks_ECGpedia%29.jpg/500px-E000754_%28CardioNetworks_ECGpedia%29.jpg
ECG-400006,Sarah Martinez,Resting ECG,2025-11-04,Normal — LVEF 58%,Dr. Barnes,https://upload.wikimedia.org/wikipedia/commons/thumb/6/6c/E000754_%28CardioNetworks_ECGpedia%29.jpg/500px-E000754_%28CardioNetworks_ECGpedia%29.jpg
ECG-400008,Linda Jackson,Resting ECG,2024-09-15,Normal Sinus Rhythm — LVEF 52%,Dr. Montgomery,https://upload.wikimedia.org/wikipedia/commons/thumb/6/6c/E000754_%28CardioNetworks_ECGpedia%29.jpg/500px-E000754_%28CardioNetworks_ECGpedia%29.jpg
ECG-400009,Michael Brown,Resting ECG,2025-03-25,Normal Sinus Rhythm,Dr. Nguyen,https://upload.wikimedia.org/wikipedia/commons/thumb/7/72/E333_%28CardioNetworks_ECGpedia%29.jpg/500px-E333_%28CardioNetworks_ECGpedia%29.jpg
ECG-400011,Charles Harris,Resting ECG,2024-08-27,Normal Sinus Rhythm,Dr. Whitfield,https://upload.wikimedia.org/wikipedia/commons/thumb/6/6c/E000754_%28CardioNetworks_ECGpedia%29.jpg/500px-E000754_%28CardioNetworks_ECGpedia%29.jpg
ECG-400012,David Green,Resting ECG,2025-06-20,Normal Sinus Rhythm,Dr. Whitfield,https://upload.wikimedia.org/wikipedia/commons/thumb/6/6c/E000754_%28CardioNetworks_ECGpedia%29.jpg/500px-E000754_%28CardioNetworks_ECGpedia%29.jpg
ECG-400013,David Williams,Resting ECG,2025-03-15,Normal Sinus Rhythm,Dr. Reynolds,https://upload.wikimedia.org/wikipedia/commons/thumb/6/6c/E000754_%28CardioNetworks_ECGpedia%29.jpg/500px-E000754_%28CardioNetworks_ECGpedia%29.jpg
ECG-400014,Betty Smith,Resting ECG,2024-08-26,Normal Sinus Rhythm,Dr. Fischer,https://upload.wikimedia.org/wikipedia/commons/thumb/6/6c/E000754_%28CardioNetworks_ECGpedia%29.jpg/500px-E000754_%28CardioNetworks_ECGpedia%29.jpg
ECG-400014,Betty Smith,Resting ECG,2025-02-03,Normal — LVEF 58%,Dr. Kapoor,https://upload.wikimedia.org/wikipedia/commons/thumb/6/6c/E000754_%28CardioNetworks_ECGpedia%29.jpg/500px-E000754_%28CardioNetworks_ECGpedia%29.jpg
ECG-400015,George Brown,Resting ECG,2024-06-30,Normal Sinus Rhythm,Dr. Whitfield,https://upload.wikimedia.org/wikipedia/commons/thumb/7/72/E333_%28CardioNetworks_ECGpedia%29.jpg/500px-E333_%28CardioNetworks_ECGpedia%29.jpg
ECG-400015,George Brown,Resting ECG,2024-12-08,Normal — LVEF 58%,Dr. Nakamura,https://upload.wikimedia.org/wikipedia/commons/thumb/7/72/E333_%28CardioNetworks_ECGpedia%29.jpg/500px-E333_%28CardioNetworks_ECGpedia%29.jpg
ECG-400016,Jason Martinez,Resting ECG,2024-07-15,Normal Sinus Rhythm,Dr. Hernandez,https://upload.wikimedia.org/wikipedia/commons/thumb/7/72/E333_%28CardioNetworks_ECGpedia%29.jpg/500px-E333_%28CardioNetworks_ECGpedia%29.jpg
ECG-400016,Jason Martinez,Resting ECG,2024-12-09,Normal Sinus Rhythm — LVEF preserved,Dr. Sullivan,https://upload.wikimedia.org/wikipedia/commons/thumb/6/6c/E000754_%28CardioNetworks_ECGpedia%29.jpg/500px-E000754_%28CardioNetworks_ECGpedia%29.jpg
ECG-400017,Daniel Moore,Resting ECG,2024-08-23,Sinus tachycardia — HR 105,Dr. Nakamura,https://upload.wikimedia.org/wikipedia/commons/thumb/6/6c/E000754_%28CardioNetworks_ECGpedia%29.jpg/500px-E000754_%28CardioNetworks_ECGpedia%29.jpg
ECG-400017,Daniel Moore,Resting ECG,2024-10-18,Normal Sinus Rhythm,Dr. Zhao,https://upload.wikimedia.org/wikipedia/commons/thumb/7/72/E333_%28CardioNetworks_ECGpedia%29.jpg/500px-E333_%28CardioNetworks_ECGpedia%29.jpg
ECG-400018,Barbara Young,Resting ECG,2024-09-20,Normal Sinus Rhythm,Dr. Okafor,https://upload.wikimedia.org/wikipedia/commons/thumb/7/72/E333_%28CardioNetworks_ECGpedia%29.jpg/500px-E333_%28CardioNetworks_ECGpedia%29.jpg
ECG-400019,Joshua Johnson,Resting ECG,2024-10-23,Normal Sinus Rhythm,Dr. Zhao,https://upload.wikimedia.org/wikipedia/commons/thumb/7/72/E333_%28CardioNetworks_ECGpedia%29.jpg/500px-E333_%28CardioNetworks_ECGpedia%29.jpg
ECG-400020,Ronald Moore,Resting ECG,2024-10-12,Normal Sinus Rhythm,Dr. Barnes,https://upload.wikimedia.org/wikipedia/commons/thumb/6/6c/E000754_%28CardioNetworks_ECGpedia%29.jpg/500px-E000754_%28CardioNetworks_ECGpedia%29.jpg
ECG-400021,Kimberly Davis,Resting ECG,2025-07-13,Normal Sinus Rhythm,Dr. Reynolds,https://upload.wikimedia.org/wikipedia/commons/thumb/6/6c/E000754_%28CardioNetworks_ECGpedia%29.jpg/500px-E000754_%28CardioNetworks_ECGpedia%29.jpg
ECG-400021,Kimberly Davis,Resting ECG,2025-12-07,Normal Sinus Rhythm — LVEF preserved,Dr. Montgomery,https://upload.wikimedia.org/wikipedia/commons/thumb/6/6c/E000754_%28CardioNetworks_ECGpedia%29.jpg/500px-E000754_%28CardioNetworks_ECGpedia%29.jpg
ECG-400024,Andrew King,Resting ECG,2024-12-16,Normal Sinus Rhythm,Dr. Hernandez,https://upload.wikimedia.org/wikipedia/commons/thumb/7/72/E333_%28CardioNetworks_ECGpedia%29.jpg/500px-E333_%28CardioNetworks_ECGpedia%29.jpg
ECG-400025,Jennifer Brown,Resting ECG,2024-10-02,Normal Sinus Rhythm,Dr. Kapoor,https://upload.wikimedia.org/wikipedia/commons/thumb/6/6c/E000754_%28CardioNetworks_ECGpedia%29.jpg/500px-E000754_%28CardioNetworks_ECGpedia%29.jpg
ECG-400027,Lisa Hall,Resting ECG,2025-01-11,Sinus tachycardia — HR 105,Dr. Fischer,https://upload.wikimedia.org/wikipedia/commons/thumb/7/72/E333_%28CardioNetworks_ECGpedia%29.jpg/500px-E333_%28CardioNetworks_ECGpedia%29.jpg
ECG-400027,Lisa Hall,Resting ECG,2025-03-08,Normal Sinus Rhythm,Dr. Kapoor,https://upload.wikimedia.org/wikipedia/commons/thumb/7/72/E333_%28CardioNetworks_ECGpedia%29.jpg/500px-E333_%28CardioNetworks_ECGpedia%29.jpg
ECG-400028,Steven Williams,Resting ECG,2024-09-26,Normal Sinus Rhythm — LVEF 52%,Dr. Fischer,https://upload.wikimedia.org/wikipedia/commons/thumb/6/6c/E000754_%28CardioNetworks_ECGpedia%29.jpg/500px-E000754_%28CardioNetworks_ECGpedia%29.jpg
ECG-400029,Richard Davis,Resting ECG,2025-03-12,Normal Sinus Rhythm,Dr. Nguyen,https://upload.wikimedia.org/wikipedia/commons/thumb/6/6c/E000754_%28CardioNetworks_ECGpedia%29.jpg/500px-E000754_%28CardioNetworks_ECGpedia%29.jpg
ECG-400029,Richard Davis,Resting ECG,2025-08-06,Normal Sinus Rhythm — LVEF preserved,Dr. Kapoor,https://upload.wikimedia.org/wikipedia/commons/thumb/6/6c/E000754_%28CardioNetworks_ECGpedia%29.jpg/500px-E000754_%28CardioNetworks_ECGpedia%29.jpg
ECG-400030,Jason Jones,Resting ECG,2025-02-26,Normal Sinus Rhythm,Dr. Abrams,https://upload.wikimedia.org/wikipedia/commons/thumb/7/72/E333_%28CardioNetworks_ECGpedia%29.jpg/500px-E333_%28CardioNetworks_ECGpedia%29.jpg
ECG-400031,Daniel Wright,Resting ECG,2025-02-02,Normal Sinus Rhythm,Dr. Reynolds,https://upload.wikimedia.org/wikipedia/commons/thumb/7/72/E333_%28CardioNetworks_ECGpedia%29.jpg/500px-E333_%28CardioNetworks_ECGpedia%29.jpg
ECG-400032,Ashley Brown,Resting ECG,2025-01-16,Normal Sinus Rhythm — LVEF 52%,Dr. Zhao,https://upload.wikimedia.org/wikipedia/commons/thumb/6/6c/E000754_%28CardioNetworks_ECGpedia%29.jpg/500px-E000754_%28CardioNetworks_ECGpedia%29.jpg
ECG-400033,Carol Davis,Resting ECG,2024-07-17,Normal Sinus Rhythm,Dr. Reynolds,https://upload.wikimedia.org/wikipedia/commons/thumb/7/72/E333_%28CardioNetworks_ECGpedia%29.jpg/500px-E333_%28CardioNetworks_ECGpedia%29.jpg
ECG-400033,Carol Davis,Resting ECG,2024-12-11,Normal Sinus Rhythm — LVEF preserved,Dr. Kim,https://upload.wikimedia.org/wikipedia/commons/thumb/7/72/E333_%28CardioNetworks_ECGpedia%29.jpg/500px-E333_%28CardioNetworks_ECGpedia%29.jpg
ECG-400034,Anthony Jackson,Resting ECG,2024-07-08,Normal Sinus Rhythm,Dr. Nakamura,https://upload.wikimedia.org/wikipedia/commons/thumb/6/6c/E000754_%28CardioNetworks_ECGpedia%29.jpg/500px-E000754_%28CardioNetworks_ECGpedia%29.jpg
ECG-400035,Betty Martin,Resting ECG,2025-05-05,Normal Sinus Rhythm — LVEF 52%,Dr. Patel,https://upload.wikimedia.org/wikipedia/commons/thumb/7/72/E333_%28CardioNetworks_ECGpedia%29.jpg/500px-E333_%28CardioNetworks_ECGpedia%29.jpg
ECG-400036,Lisa Johnson,Resting ECG,2024-06-30,Sinus tachycardia — HR 105,Dr. Abrams,https://upload.wikimedia.org/wikipedia/commons/thumb/7/72/E333_%28CardioNetworks_ECGpedia%29.jpg/500px-E333_%28CardioNetworks_ECGpedia%29.jpg
ECG-400036,Lisa Johnson,Resting ECG,2024-08-25,Normal Sinus Rhythm,Dr. Fischer,https://upload.wikimedia.org/wikipedia/commons/thumb/7/72/E333_%28CardioNetworks_ECGpedia%29.jpg/500px-E333_%28CardioNetworks_ECGpedia%29.jpg
ECG-400037,Richard Walker,Resting ECG,2025-06-02,Normal Sinus Rhythm,Dr. Nakamura,https://upload.wikimedia.org/wikipedia/commons/thumb/6/6c/E000754_%28CardioNetworks_ECGpedia%29.jpg/500px-E000754_%28CardioNetworks_ECGpedia%29.jpg
ECG-400037,Richard Walker,Resting ECG,2025-10-27,Normal Sinus Rhythm — LVEF preserved,Dr. Fischer,https://upload.wikimedia.org/wikipedia/commons/thumb/7/72/E333_%28CardioNetworks_ECGpedia%29.jpg/500px-E333_%28CardioNetworks_ECGpedia%29.jpg
ECG-400038,Richard Young,Resting ECG,2024-11-09,Normal Sinus Rhythm — LVEF 52%,Dr. Abrams,https://upload.wikimedia.org/wikipedia/commons/thumb/6/6c/E000754_%28CardioNetworks_ECGpedia%29.jpg/500px-E000754_%28CardioNetworks_ECGpedia%29.jpg
ECG-400039,Paul Moore,Resting ECG,2025-01-28,Normal Sinus Rhythm,Dr. Fischer,https://upload.wikimedia.org/wikipedia/commons/thumb/6/6c/E000754_%28CardioNetworks_ECGpedia%29.jpg/500px-E000754_%28CardioNetworks_ECGpedia%29.jpg
ECG-400039,Paul Moore,Resting ECG,2025-07-08,Normal — LVEF 58%,Dr. Fischer,https://upload.wikimedia.org/wikipedia/commons/thumb/7/72/E333_%28CardioNetworks_ECGpedia%29.jpg/500px-E333_%28CardioNetworks_ECGpedia%29.jpg
ECG-400040,Susan Williams,Resting ECG,2024-08-14,Normal Sinus Rhythm,Dr. Okafor,https://upload.wikimedia.org/wikipedia/commons/thumb/6/6c/E000754_%28CardioNetworks_ECGpedia%29.jpg/500px-E000754_%28CardioNetworks_ECGpedia%29.jpg
ECG-400040,Susan Williams,Resting ECG,2025-01-22,Normal — LVEF 58%,Dr. Nguyen,https://upload.wikimedia.org/wikipedia/commons/thumb/6/6c/E000754_%28CardioNetworks_ECGpedia%29.jpg/500px-E000754_%28CardioNetworks_ECGpedia%29.jpg
ECG-400041,Sandra Garcia,Resting ECG,2025-04-17,Normal Sinus Rhythm,Dr. Patel,https://upload.wikimedia.org/wikipedia/commons/thumb/6/6c/E000754_%28CardioNetworks_ECGpedia%29.jpg/500px-E000754_%28CardioNetworks_ECGpedia%29.jpg
ECG-400041,Sandra Garcia,Resting ECG,2025-09-25,Normal — LVEF 58%,Dr. Reynolds,https://upload.wikimedia.org/wikipedia/commons/thumb/6/6c/E000754_%28CardioNetworks_ECGpedia%29.jpg/500px-E000754_%28CardioNetworks_ECGpedia%29.jpg
ECG-400042,Matthew Rodriguez,Resting ECG,2024-08-19,Normal Sinus Rhythm — LVEF 52%,Dr. Patel,https://upload.wikimedia.org/wikipedia/commons/thumb/7/72/E333_%28CardioNetworks_ECGpedia%29.jpg/500px-E333_%28CardioNetworks_ECGpedia%29.jpg
ECG-400043,Lisa Wright,Resting ECG,2024-07-04,Normal Sinus Rhythm,Dr. Reynolds,https://upload.wikimedia.org/wikipedia/commons/thumb/7/72/E333_%28CardioNetworks_ECGpedia%29.jpg/500px-E333_%28CardioNetworks_ECGpedia%29.jpg
ECG-400043,Lisa Wright,Resting ECG,2024-12-12,Normal — LVEF 58%,Dr. Sullivan,https://upload.wikimedia.org/wikipedia/commons/thumb/6/6c/E000754_%28CardioNetworks_ECGpedia%29.jpg/500px-E000754_%28CardioNetworks_ECGpedia%29.jpg
ECG-400044,David Taylor,Resting ECG,2025-06-22,Normal Sinus Rhythm,Dr. Abrams,https://upload.wikimedia.org/wikipedia/commons/thumb/7/72/E333_%28CardioNetworks_ECGpedia%29.jpg/500px-E333_%28CardioNetworks_ECGpedia%29.jpg
ECG-400045,Joseph Scott,Resting ECG,2025-03-26,Sinus tachycardia — HR 105,Dr. Zhao,https://upload.wikimedia.org/wikipedia/commons/thumb/7/72/E333_%28CardioNetworks_ECGpedia%29.jpg/500px-E333_%28CardioNetworks_ECGpedia%29.jpg
ECG-400045,Joseph Scott,Resting ECG,2025-05-21,Normal Sinus Rhythm,Dr. Whitfield,https://upload.wikimedia.org/wikipedia/commons/thumb/7/72/E333_%28CardioNetworks_ECGpedia%29.jpg/500px-E333_%28CardioNetworks_ECGpedia%29.jpg
ECG-400046,Richard Martinez,Resting ECG,2025-06-13,Normal Sinus Rhythm,Dr. Patel,https://upload.wikimedia.org/wikipedia/commons/thumb/6/6c/E000754_%28CardioNetworks_ECGpedia%29.jpg/500px-E000754_%28CardioNetworks_ECGpedia%29.jpg
ECG-400047,Jessica Davis,Resting ECG,2024-08-31,Normal Sinus Rhythm,Dr. Nakamura,https://upload.wikimedia.org/wikipedia/commons/thumb/6/6c/E000754_%28CardioNetworks_ECGpedia%29.jpg/500px-E000754_%28CardioNetworks_ECGpedia%29.jpg
ECG-400049,Nancy Davis,Resting ECG,2024-11-23,Normal Sinus Rhythm,Dr. Barnes,https://upload.wikimedia.org/wikipedia/commons/thumb/7/72/E333_%28CardioNetworks_ECGpedia%29.jpg/500px-E333_%28CardioNetworks_ECGpedia%29.jpg
ECG-400050,Amanda Moore,Resting ECG,2024-11-02,Normal Sinus Rhythm,Dr. Montgomery,https://upload.wikimedia.org/wikipedia/commons/thumb/7/72/E333_%28CardioNetworks_ECGpedia%29.jpg/500px-E333_%28CardioNetworks_ECGpedia%29.jpg
ECG-400050,Amanda Moore,Resting ECG,2025-03-29,Normal Sinus Rhythm — LVEF preserved,Dr. Abrams,https://upload.wikimedia.org/wikipedia/commons/thumb/7/72/E333_%28CardioNetworks_ECGpedia%29.jpg/500px-E333_%28CardioNetworks_ECGpedia%29.jpg
ECG-400051,Edward Thomas,Resting ECG,2024-07-30,Normal Sinus Rhythm — LVEF 52%,Dr. Kim,https://upload.wikimedia.org/wikipedia/commons/thumb/7/72/E333_%28CardioNetworks_ECGpedia%29.jpg/500px-E333_%28CardioNetworks_ECGpedia%29.jpg
ECG-400052,Edward Smith,Resting ECG,2025-01-01,Normal Sinus Rhythm,Dr. Zhao,https://upload.wikimedia.org/wikipedia/commons/thumb/6/6c/E000754_%28CardioNetworks_ECGpedia%29.jpg/500px-E000754_%28CardioNetworks_ECGpedia%29.jpg
ECG-400053,Susan Green,Resting ECG,2024-11-22,Normal Sinus Rhythm,Dr. Whitfield,https://upload.wikimedia.org/wikipedia/commons/thumb/7/72/E333_%28CardioNetworks_ECGpedia%29.jpg/500px-E333_%28CardioNetworks_ECGpedia%29.jpg
ECG-400054,Edward Wright,Resting ECG,2025-04-19,Normal Sinus Rhythm,Dr. Reynolds,https://upload.wikimedia.org/wikipedia/commons/thumb/6/6c/E000754_%28CardioNetworks_ECGpedia%29.jpg/500px-E000754_%28CardioNetworks_ECGpedia%29.jpg
ECG-400055,Andrew Martinez,Resting ECG,2025-01-25,Sinus tachycardia — HR 105,Dr. Zhao,https://upload.wikimedia.org/wikipedia/commons/thumb/6/6c/E000754_%28CardioNetworks_ECGpedia%29.jpg/500px-E000754_%28CardioNetworks_ECGpedia%29.jpg
ECG-400055,Andrew Martinez,Resting ECG,2025-03-22,Normal Sinus Rhythm,Dr. Hernandez,https://upload.wikimedia.org/wikipedia/commons/thumb/6/6c/E000754_%28CardioNetworks_ECGpedia%29.jpg/500px-E000754_%28CardioNetworks_ECGpedia%29.jpg
ECG-400056,Margaret Wright,Resting ECG,2024-07-18,Sinus tachycardia — HR 105,Dr. Kapoor,https://upload.wikimedia.org/wikipedia/commons/thumb/6/6c/E000754_%28CardioNetworks_ECGpedia%29.jpg/500px-E000754_%28CardioNetworks_ECGpedia%29.jpg
ECG-400056,Margaret Wright,Resting ECG,2024-09-12,Normal Sinus Rhythm,Dr. Okafor,https://upload.wikimedia.org/wikipedia/commons/thumb/6/6c/E000754_%28CardioNetworks_ECGpedia%29.jpg/500px-E000754_%28CardioNetworks_ECGpedia%29.jpg
ECG-400058,George Lee,Resting ECG,2025-06-20,Normal Sinus Rhythm,Dr. Nakamura,https://upload.wikimedia.org/wikipedia/commons/thumb/6/6c/E000754_%28CardioNetworks_ECGpedia%29.jpg/500px-E000754_%28CardioNetworks_ECGpedia%29.jpg
ECG-400059,Anthony Scott,Resting ECG,2024-10-06,Normal Sinus Rhythm — LVEF 52%,Dr. Barnes,https://upload.wikimedia.org/wikipedia/commons/thumb/7/72/E333_%28CardioNetworks_ECGpedia%29.jpg/500px-E333_%28CardioNetworks_ECGpedia%29.jpg
ECG-400060,Amanda Hall,Resting ECG,2025-01-05,Normal Sinus Rhythm — LVEF 52%,Dr. Zhao,https://upload.wikimedia.org/wikipedia/commons/thumb/7/72/E333_%28CardioNetworks_ECGpedia%29.jpg/500px-E333_%28CardioNetworks_ECGpedia%29.jpg
ECG-400061,Carol Rodriguez,Resting ECG,2025-02-04,Normal Sinus Rhythm — LVEF 52%,Dr. Nguyen,https://upload.wikimedia.org/wikipedia/commons/thumb/6/6c/E000754_%28CardioNetworks_ECGpedia%29.jpg/500px-E000754_%28CardioNetworks_ECGpedia%29.jpg
ECG-400062,Barbara Scott,Resting ECG,2024-11-11,Sinus tachycardia — HR 105,Dr. Zhao,https://upload.wikimedia.org/wikipedia/commons/thumb/6/6c/E000754_%28CardioNetworks_ECGpedia%29.jpg/500px-E000754_%28CardioNetworks_ECGpedia%29.jpg
ECG-400062,Barbara Scott,Resting ECG,2025-01-06,Normal Sinus Rhythm,Dr. Kim,https://upload.wikimedia.org/wikipedia/commons/thumb/6/6c/E000754_%28CardioNetworks_ECGpedia%29.jpg/500px-E000754_%28CardioNetworks_ECGpedia%29.jpg
ECG-400063,Steven Moore,Resting ECG,2025-01-02,Normal Sinus Rhythm,Dr. Nguyen,https://upload.wikimedia.org/wikipedia/commons/thumb/7/72/E333_%28CardioNetworks_ECGpedia%29.jpg/500px-E333_%28CardioNetworks_ECGpedia%29.jpg
ECG-400064,Mark Jackson,Resting ECG,2025-06-27,Normal Sinus Rhythm,Dr. Kapoor,https://upload.wikimedia.org/wikipedia/commons/thumb/6/6c/E000754_%28CardioNetworks_ECGpedia%29.jpg/500px-E000754_%28CardioNetworks_ECGpedia%29.jpg
ECG-400065,Kenneth Martinez,Resting ECG,2025-04-05,Normal Sinus Rhythm — LVEF 52%,Dr. Kim,https://upload.wikimedia.org/wikipedia/commons/thumb/7/72/E333_%28CardioNetworks_ECGpedia%29.jpg/500px-E333_%28CardioNetworks_ECGpedia%29.jpg
ECG-400066,Emily Lee,Resting ECG,2025-06-13,Normal Sinus Rhythm,Dr. Montgomery,https://upload.wikimedia.org/wikipedia/commons/thumb/7/72/E333_%28CardioNetworks_ECGpedia%29.jpg/500px-E333_%28CardioNetworks_ECGpedia%29.jpg
ECG-400067,George Allen,Resting ECG,2025-05-17,Normal Sinus Rhythm,Dr. Barnes,https://upload.wikimedia.org/wikipedia/commons/thumb/7/72/E333_%28CardioNetworks_ECGpedia%29.jpg/500px-E333_%28CardioNetworks_ECGpedia%29.jpg
ECG-400067,George Allen,Resting ECG,2025-10-11,Normal Sinus Rhythm — LVEF preserved,Dr. Patel,https://upload.wikimedia.org/wikipedia/commons/thumb/6/6c/E000754_%28CardioNetworks_ECGpedia%29.jpg/500px-E000754_%28CardioNetworks_ECGpedia%29.jpg
ECG-400069,Betty Williams,Resting ECG,2024-06-27,Normal Sinus Rhythm — LVEF 52%,Dr. Whitfield,https://upload.wikimedia.org/wikipedia/commons/thumb/7/72/E333_%28CardioNetworks_ECGpedia%29.jpg/500px-E333_%28CardioNetworks_ECGpedia%29.jpg
ECG-400070,David Davis,Resting ECG,2024-10-08,Normal Sinus Rhythm,Dr. Okafor,https://upload.wikimedia.org/wikipedia/commons/thumb/7/72/E333_%28CardioNetworks_ECGpedia%29.jpg/500px-E333_%28CardioNetworks_ECGpedia%29.jpg
ECG-400071,Brian Scott,Resting ECG,2025-07-25,Normal Sinus Rhythm,Dr. Whitfield,https://upload.wikimedia.org/wikipedia/commons/thumb/7/72/E333_%28CardioNetworks_ECGpedia%29.jpg/500px-E333_%28CardioNetworks_ECGpedia%29.jpg
ECG-400071,Brian Scott,Resting ECG,2025-12-19,Normal Sinus Rhythm — LVEF preserved,Dr. Zhao,https://upload.wikimedia.org/wikipedia/commons/thumb/6/6c/E000754_%28CardioNetworks_ECGpedia%29.jpg/500px-E000754_%28CardioNetworks_ECGpedia%29.jpg
ECG-400072,Andrew Allen,Resting ECG,2024-08-06,Normal Sinus Rhythm,Dr. Reynolds,https://upload.wikimedia.org/wikipedia/commons/thumb/6/6c/E000754_%28CardioNetworks_ECGpedia%29.jpg/500px-E000754_%28CardioNetworks_ECGpedia%29.jpg
ECG-400073,Susan Allen,Resting ECG,2025-05-12,Normal Sinus Rhythm,Dr. Zhao,https://upload.wikimedia.org/wikipedia/commons/thumb/6/6c/E000754_%28CardioNetworks_ECGpedia%29.jpg/500px-E000754_%28CardioNetworks_ECGpedia%29.jpg
ECG-400074,Jennifer Jackson,Resting ECG,2025-04-22,Sinus tachycardia — HR 105,Dr. Kim,https://upload.wikimedia.org/wikipedia/commons/thumb/6/6c/E000754_%28CardioNetworks_ECGpedia%29.jpg/500px-E000754_%28CardioNetworks_ECGpedia%29.jpg
ECG-400074,Jennifer Jackson,Resting ECG,2025-06-17,Normal Sinus Rhythm,Dr. Nakamura,https://upload.wikimedia.org/wikipedia/commons/thumb/7/72/E333_%28CardioNetworks_ECGpedia%29.jpg/500px-E333_%28CardioNetworks_ECGpedia%29.jpg
ECG-400075,Margaret Green,Resting ECG,2025-07-02,Normal Sinus Rhythm — LVEF 52%,Dr. Okafor,https://upload.wikimedia.org/wikipedia/commons/thumb/6/6c/E000754_%28CardioNetworks_ECGpedia%29.jpg/500px-E000754_%28CardioNetworks_ECGpedia%29.jpg
ECG-400076,Ashley Davis,Resting ECG,2025-07-18,Normal Sinus Rhythm,Dr. Hernandez,https://upload.wikimedia.org/wikipedia/commons/thumb/7/72/E333_%28CardioNetworks_ECGpedia%29.jpg/500px-E333_%28CardioNetworks_ECGpedia%29.jpg
ECG-400077,Ronald Taylor,Resting ECG,2024-10-11,Sinus tachycardia — HR 105,Dr. Abrams,https://upload.wikimedia.org/wikipedia/commons/thumb/6/6c/E000754_%28CardioNetworks_ECGpedia%29.jpg/500px-E000754_%28CardioNetworks_ECGpedia%29.jpg
ECG-400077,Ronald Taylor,Resting ECG,2024-12-06,Normal Sinus Rhythm,Dr. Okafor,https://upload.wikimedia.org/wikipedia/commons/thumb/7/72/E333_%28CardioNetworks_ECGpedia%29.jpg/500px-E333_%28CardioNetworks_ECGpedia%29.jpg
ECG-400078,Timothy Miller,Resting ECG,2025-02-13,Normal Sinus Rhythm,Dr. Kapoor,https://upload.wikimedia.org/wikipedia/commons/thumb/7/72/E333_%28CardioNetworks_ECGpedia%29.jpg/500px-E333_%28CardioNetworks_ECGpedia%29.jpg
ECG-400079,Carol Smith,Resting ECG,2025-05-28,Normal Sinus Rhythm,Dr. Fischer,https://upload.wikimedia.org/wikipedia/commons/thumb/7/72/E333_%28CardioNetworks_ECGpedia%29.jpg/500px-E333_%28CardioNetworks_ECGpedia%29.jpg
ECG-400080,Melissa Walker,Resting ECG,2024-11-17,Normal Sinus Rhythm — LVEF 52%,Dr. Fischer,https://upload.wikimedia.org/wikipedia/commons/thumb/7/72/E333_%28CardioNetworks_ECGpedia%29.jpg/500px-E333_%28CardioNetworks_ECGpedia%29.jpg
ECG-400081,Betty Davis,Resting ECG,2025-07-07,Normal Sinus Rhythm,Dr. Okafor,https://upload.wikimedia.org/wikipedia/commons/thumb/6/6c/E000754_%28CardioNetworks_ECGpedia%29.jpg/500px-E000754_%28CardioNetworks_ECGpedia%29.jpg
ECG-400081,Betty Davis,Resting ECG,2025-12-01,Normal Sinus Rhythm — LVEF preserved,Dr. Patel,https://upload.wikimedia.org/wikipedia/commons/thumb/7/72/E333_%28CardioNetworks_ECGpedia%29.jpg/500px-E333_%28CardioNetworks_ECGpedia%29.jpg
ECG-400082,Ronald Rodriguez,Resting ECG,2024-07-29,Normal Sinus Rhythm,Dr. Patel,https://upload.wikimedia.org/wikipedia/commons/thumb/7/72/E333_%28CardioNetworks_ECGpedia%29.jpg/500px-E333_%28CardioNetworks_ECGpedia%29.jpg
ECG-400082,Ronald Rodriguez,Resting ECG,2025-01-06,Normal — LVEF 58%,Dr. Barnes,https://upload.wikimedia.org/wikipedia/commons/thumb/7/72/E333_%28CardioNetworks_ECGpedia%29.jpg/500px-E333_%28CardioNetworks_ECGpedia%29.jpg
ECG-400083,Margaret Martinez,Resting ECG,2024-07-01,Normal Sinus Rhythm,Dr. Hernandez,https://upload.wikimedia.org/wikipedia/commons/thumb/6/6c/E000754_%28CardioNetworks_ECGpedia%29.jpg/500px-E000754_%28CardioNetworks_ECGpedia%29.jpg
ECG-400083,Margaret Martinez,Resting ECG,2024-12-09,Normal — LVEF 58%,Dr. Kim,https://upload.wikimedia.org/wikipedia/commons/thumb/7/72/E333_%28CardioNetworks_ECGpedia%29.jpg/500px-E333_%28CardioNetworks_ECGpedia%29.jpg
ECG-400085,Michelle Brown,Resting ECG,2025-04-13,Normal Sinus Rhythm,Dr. Sullivan,https://upload.wikimedia.org/wikipedia/commons/thumb/6/6c/E000754_%28CardioNetworks_ECGpedia%29.jpg/500px-E000754_%28CardioNetworks_ECGpedia%29.jpg
ECG-400085,Michelle Brown,Resting ECG,2025-09-07,Normal Sinus Rhythm — LVEF preserved,Dr. Kapoor,https://upload.wikimedia.org/wikipedia/commons/thumb/7/72/E333_%28CardioNetworks_ECGpedia%29.jpg/500px-E333_%28CardioNetworks_ECGpedia%29.jpg
ECG-400086,Barbara Davis,Resting ECG,2025-07-31,Normal Sinus Rhythm,Dr. Nguyen,https://upload.wikimedia.org/wikipedia/commons/thumb/7/72/E333_%28CardioNetworks_ECGpedia%29.jpg/500px-E333_%28CardioNetworks_ECGpedia%29.jpg
ECG-400087,Sandra Allen,Resting ECG,2025-04-09,Normal Sinus Rhythm,Dr. Nakamura,https://upload.wikimedia.org/wikipedia/commons/thumb/7/72/E333_%28CardioNetworks_ECGpedia%29.jpg/500px-E333_%28CardioNetworks_ECGpedia%29.jpg
ECG-400088,Paul Wright,Resting ECG,2025-03-17,Normal Sinus Rhythm,Dr. Kapoor,https://upload.wikimedia.org/wikipedia/commons/thumb/6/6c/E000754_%28CardioNetworks_ECGpedia%29.jpg/500px-E000754_%28CardioNetworks_ECGpedia%29.jpg
ECG-400089,Carol Scott,Resting ECG,2024-09-27,Normal Sinus Rhythm,Dr. Reynolds,https://upload.wikimedia.org/wikipedia/commons/thumb/6/6c/E000754_%28CardioNetworks_ECGpedia%29.jpg/500px-E000754_%28CardioNetworks_ECGpedia%29.jpg
ECG-400090,Steven Rodriguez,Resting ECG,2024-08-05,Normal Sinus Rhythm,Dr. Kapoor,https://upload.wikimedia.org/wikipedia/commons/thumb/6/6c/E000754_%28CardioNetworks_ECGpedia%29.jpg/500px-E000754_%28CardioNetworks_ECGpedia%29.jpg
ECG-400091,Jessica Williams,Resting ECG,2025-01-18,Normal Sinus Rhythm,Dr. Montgomery,https://upload.wikimedia.org/wikipedia/commons/thumb/6/6c/E000754_%28CardioNetworks_ECGpedia%29.jpg/500px-E000754_%28CardioNetworks_ECGpedia%29.jpg
ECG-400091,Jessica Williams,Resting ECG,2025-06-28,Normal — LVEF 58%,Dr. Reynolds,https://upload.wikimedia.org/wikipedia/commons/thumb/6/6c/E000754_%28CardioNetworks_ECGpedia%29.jpg/500px-E000754_%28CardioNetworks_ECGpedia%29.jpg
ECG-400092,Betty Walker,Resting ECG,2025-04-24,Normal Sinus Rhythm,Dr. Barnes,https://upload.wikimedia.org/wikipedia/commons/thumb/7/72/E333_%28CardioNetworks_ECGpedia%29.jpg/500px-E333_%28CardioNetworks_ECGpedia%29.jpg
ECG-400092,Betty Walker,Resting ECG,2025-09-18,Normal Sinus Rhythm — LVEF preserved,Dr. Reynolds,https://upload.wikimedia.org/wikipedia/commons/thumb/7/72/E333_%28CardioNetworks_ECGpedia%29.jpg/500px-E333_%28CardioNetworks_ECGpedia%29.jpg
ECG-400093,Jennifer Williams,Resting ECG,2025-06-27,Normal Sinus Rhythm,Dr. Kim,https://upload.wikimedia.org/wikipedia/commons/thumb/6/6c/E000754_%28CardioNetworks_ECGpedia%29.jpg/500px-E000754_%28CardioNetworks_ECGpedia%29.jpg
ECG-400094,Ronald Walker,Resting ECG,2025-04-29,Normal Sinus Rhythm,Dr. Reynolds,https://upload.wikimedia.org/wikipedia/commons/thumb/7/72/E333_%28CardioNetworks_ECGpedia%29.jpg/500px-E333_%28CardioNetworks_ECGpedia%29.jpg
ECG-400095,Emily Taylor,Resting ECG,2024-11-23,Normal Sinus Rhythm,Dr. Zhao,https://upload.wikimedia.org/wikipedia/commons/thumb/6/6c/E000754_%28CardioNetworks_ECGpedia%29.jpg/500px-E000754_%28CardioNetworks_ECGpedia%29.jpg
ECG-400096,Melissa Johnson,Resting ECG,2024-11-20,Normal Sinus Rhythm,Dr. Abrams,https://upload.wikimedia.org/wikipedia/commons/thumb/7/72/E333_%28CardioNetworks_ECGpedia%29.jpg/500px-E333_%28CardioNetworks_ECGpedia%29.jpg
ECG-400096,Melissa Johnson,Resting ECG,2025-04-30,Normal — LVEF 58%,Dr. Kim,https://upload.wikimedia.org/wikipedia/commons/thumb/6/6c/E000754_%28CardioNetworks_ECGpedia%29.jpg/500px-E000754_%28CardioNetworks_ECGpedia%29.jpg
ECG-400097,Jason Martin,Resting ECG,2024-12-03,Normal Sinus Rhythm — LVEF 52%,Dr. Patel,https://upload.wikimedia.org/wikipedia/commons/thumb/6/6c/E000754_%28CardioNetworks_ECGpedia%29.jpg/500px-E000754_%28CardioNetworks_ECGpedia%29.jpg
ECG-400099,Anthony Martinez,Resting ECG,2024-07-25,Normal Sinus Rhythm,Dr. Sullivan,https://upload.wikimedia.org/wikipedia/commons/thumb/6/6c/E000754_%28CardioNetworks_ECGpedia%29.jpg/500px-E000754_%28CardioNetworks_ECGpedia%29.jpg
ECG-400100,Matthew Lee,Resting ECG,2025-01-06,Normal Sinus Rhythm,Dr. Patel,https://upload.wikimedia.org/wikipedia/commons/thumb/7/72/E333_%28CardioNetworks_ECGpedia%29.jpg/500px-E333_%28CardioNetworks_ECGpedia%29.jpg
ECG-400100,Matthew Lee,Resting ECG,2025-06-16,Normal — LVEF 58%,Dr. Hernandez,https://upload.wikimedia.org/wikipedia/commons/thumb/6/6c/E000754_%28CardioNetworks_ECGpedia%29.jpg/500px-E000754_%28CardioNetworks_ECGpedia%29.jpg
ECG-400101,Melissa Jones,Resting ECG,2025-06-18,Normal Sinus Rhythm — LVEF 52%,Dr. Zhao,https://upload.wikimedia.org/wikipedia/commons/thumb/7/72/E333_%28CardioNetworks_ECGpedia%29.jpg/500px-E333_%28CardioNetworks_ECGpedia%29.jpg
ECG-400102,Ashley Walker,Resting ECG,2025-04-04,Normal Sinus Rhythm,Dr. Abrams,https://upload.wikimedia.org/wikipedia/commons/thumb/6/6c/E000754_%28CardioNetworks_ECGpedia%29.jpg/500px-E000754_%28CardioNetworks_ECGpedia%29.jpg
ECG-400102,Ashley Walker,Resting ECG,2025-09-12,Normal — LVEF 58%,Dr. Reynolds,https://upload.wikimedia.org/wikipedia/commons/thumb/7/72/E333_%28CardioNetworks_ECGpedia%29.jpg/500px-E333_%28CardioNetworks_ECGpedia%29.jpg
ECG-400103,Melissa Lee,Resting ECG,2024-12-11,Normal Sinus Rhythm — LVEF 52%,Dr. Montgomery,https://upload.wikimedia.org/wikipedia/commons/thumb/6/6c/E000754_%28CardioNetworks_ECGpedia%29.jpg/500px-E000754_%28CardioNetworks_ECGpedia%29.jpg
ECG-400105,Elizabeth Jones,Resting ECG,2025-02-02,Normal Sinus Rhythm,Dr. Montgomery,https://upload.wikimedia.org/wikipedia/commons/thumb/7/72/E333_%28CardioNetworks_ECGpedia%29.jpg/500px-E333_%28CardioNetworks_ECGpedia%29.jpg
ECG-400105,Elizabeth Jones,Resting ECG,2025-06-29,Normal Sinus Rhythm — LVEF preserved,Dr. Okafor,https://upload.wikimedia.org/wikipedia/commons/thumb/7/72/E333_%28CardioNetworks_ECGpedia%29.jpg/500px-E333_%28CardioNetworks_ECGpedia%29.jpg
ECG-400106,Edward King,Resting ECG,2024-11-28,Normal Sinus Rhythm,Dr. Zhao,https://upload.wikimedia.org/wikipedia/commons/thumb/6/6c/E000754_%28CardioNetworks_ECGpedia%29.jpg/500px-E000754_%28CardioNetworks_ECGpedia%29.jpg
ECG-400106,Edward King,Resting ECG,2025-05-08,Normal — LVEF 58%,Dr. Nakamura,https://upload.wikimedia.org/wikipedia/commons/thumb/7/72/E333_%28CardioNetworks_ECGpedia%29.jpg/500px-E333_%28CardioNetworks_ECGpedia%29.jpg
ECG-400108,Nancy Green,Resting ECG,2025-02-04,Normal Sinus Rhythm,Dr. Fischer,https://upload.wikimedia.org/wikipedia/commons/thumb/7/72/E333_%28CardioNetworks_ECGpedia%29.jpg/500px-E333_%28CardioNetworks_ECGpedia%29.jpg
ECG-400108,Nancy Green,Resting ECG,2025-07-01,Normal Sinus Rhythm — LVEF preserved,Dr. Zhao,https://upload.wikimedia.org/wikipedia/commons/thumb/6/6c/E000754_%28CardioNetworks_ECGpedia%29.jpg/500px-E000754_%28CardioNetworks_ECGpedia%29.jpg
ECG-400109,Joshua Johnson,Resting ECG,2024-08-21,Normal Sinus Rhythm,Dr. Nguyen,https://upload.wikimedia.org/wikipedia/commons/thumb/7/72/E333_%28CardioNetworks_ECGpedia%29.jpg/500px-E333_%28CardioNetworks_ECGpedia%29.jpg
ECG-400110,Anthony Williams,Resting ECG,2025-03-10,Normal Sinus Rhythm,Dr. Barnes,https://upload.wikimedia.org/wikipedia/commons/thumb/6/6c/E000754_%28CardioNetworks_ECGpedia%29.jpg/500px-E000754_%28CardioNetworks_ECGpedia%29.jpg
ECG-400112,Kimberly Allen,Resting ECG,2025-01-27,Normal Sinus Rhythm,Dr. Reynolds,https://upload.wikimedia.org/wikipedia/commons/thumb/6/6c/E000754_%28CardioNetworks_ECGpedia%29.jpg/500px-E000754_%28CardioNetworks_ECGpedia%29.jpg
ECG-400112,Kimberly Allen,Resting ECG,2025-07-07,Normal — LVEF 58%,Dr. Kapoor,https://upload.wikimedia.org/wikipedia/commons/thumb/6/6c/E000754_%28CardioNetworks_ECGpedia%29.jpg/500px-E000754_%28CardioNetworks_ECGpedia%29.jpg
ECG-400113,Susan Davis,Resting ECG,2025-06-01,Normal Sinus Rhythm,Dr. Zhao,https://upload.wikimedia.org/wikipedia/commons/thumb/7/72/E333_%28CardioNetworks_ECGpedia%29.jpg/500px-E333_%28CardioNetworks_ECGpedia%29.jpg
ECG-400113,Susan Davis,Resting ECG,2025-11-09,Normal — LVEF 58%,Dr. Whitfield,https://upload.wikimedia.org/wikipedia/commons/thumb/6/6c/E000754_%28CardioNetworks_ECGpedia%29.jpg/500px-E000754_%28CardioNetworks_ECGpedia%29.jpg
ECG-400115,Paul Wright,Resting ECG,2024-11-06,Normal Sinus Rhythm,Dr. Barnes,https://upload.wikimedia.org/wikipedia/commons/thumb/6/6c/E000754_%28CardioNetworks_ECGpedia%29.jpg/500px-E000754_%28CardioNetworks_ECGpedia%29.jpg
ECG-400116,Jessica Williams,Resting ECG,2024-09-05,Normal Sinus Rhythm,Dr. Nguyen,https://upload.wikimedia.org/wikipedia/commons/thumb/6/6c/E000754_%28CardioNetworks_ECGpedia%29.jpg/500px-E000754_%28CardioNetworks_ECGpedia%29.jpg
ECG-400118,Matthew Davis,Resting ECG,2025-01-10,Normal Sinus Rhythm,Dr. Whitfield,https://upload.wikimedia.org/wikipedia/commons/thumb/7/72/E333_%28CardioNetworks_ECGpedia%29.jpg/500px-E333_%28CardioNetworks_ECGpedia%29.jpg
ECG-400118,Matthew Davis,Resting ECG,2025-06-06,Normal Sinus Rhythm — LVEF preserved,Dr. Nakamura,https://upload.wikimedia.org/wikipedia/commons/thumb/6/6c/E000754_%28CardioNetworks_ECGpedia%29.jpg/500px-E000754_%28CardioNetworks_ECGpedia%29.jpg
ECG-400119,Brian Thomas,Resting ECG,2024-07-26,Sinus tachycardia — HR 105,Dr. Barnes,https://upload.wikimedia.org/wikipedia/commons/thumb/6/6c/E000754_%28CardioNetworks_ECGpedia%29.jpg/500px-E000754_%28CardioNetworks_ECGpedia%29.jpg
ECG-400119,Brian Thomas,Resting ECG,2024-09-20,Normal Sinus Rhythm,Dr. Kapoor,https://upload.wikimedia.org/wikipedia/commons/thumb/6/6c/E000754_%28CardioNetworks_ECGpedia%29.jpg/500px-E000754_%28CardioNetworks_ECGpedia%29.jpg
ECG-400121,Richard Johnson,Resting ECG,2024-10-20,Normal Sinus Rhythm,Dr. Reynolds,https://upload.wikimedia.org/wikipedia/commons/thumb/6/6c/E000754_%28CardioNetworks_ECGpedia%29.jpg/500px-E000754_%28CardioNetworks_ECGpedia%29.jpg
ECG-400121,Richard Johnson,Resting ECG,2025-03-16,Normal Sinus Rhythm — LVEF preserved,Dr. Zhao,https://upload.wikimedia.org/wikipedia/commons/thumb/6/6c/E000754_%28CardioNetworks_ECGpedia%29.jpg/500px-E000754_%28CardioNetworks_ECGpedia%29.jpg
ECG-400122,Kimberly Wright,Resting ECG,2025-01-06,Normal Sinus Rhythm,Dr. Zhao,https://upload.wikimedia.org/wikipedia/commons/thumb/7/72/E333_%28CardioNetworks_ECGpedia%29.jpg/500px-E333_%28CardioNetworks_ECGpedia%29.jpg
ECG-400125,Nancy Jones,Resting ECG,2024-09-15,Normal Sinus Rhythm — LVEF 52%,Dr. Patel,https://upload.wikimedia.org/wikipedia/commons/thumb/7/72/E333_%28CardioNetworks_ECGpedia%29.jpg/500px-E333_%28CardioNetworks_ECGpedia%29.jpg
ECG-400126,Jessica Young,Resting ECG,2025-03-11,Normal Sinus Rhythm,Dr. Whitfield,https://upload.wikimedia.org/wikipedia/commons/thumb/6/6c/E000754_%28CardioNetworks_ECGpedia%29.jpg/500px-E000754_%28CardioNetworks_ECGpedia%29.jpg
ECG-400127,Matthew Smith,Resting ECG,2024-06-09,Sinus tachycardia — HR 105,Dr. Whitfield,https://upload.wikimedia.org/wikipedia/commons/thumb/6/6c/E000754_%28CardioNetworks_ECGpedia%29.jpg/500px-E000754_%28CardioNetworks_ECGpedia%29.jpg
ECG-400127,Matthew Smith,Resting ECG,2024-08-04,Normal Sinus Rhythm,Dr. Sullivan,https://upload.wikimedia.org/wikipedia/commons/thumb/7/72/E333_%28CardioNetworks_ECGpedia%29.jpg/500px-E333_%28CardioNetworks_ECGpedia%29.jpg
ECG-400129,Richard Green,Resting ECG,2024-07-02,Normal Sinus Rhythm,Dr. Fischer,https://upload.wikimedia.org/wikipedia/commons/thumb/6/6c/E000754_%28CardioNetworks_ECGpedia%29.jpg/500px-E000754_%28CardioNetworks_ECGpedia%29.jpg
ECG-400130,Ronald Scott,Resting ECG,2025-04-08,Sinus tachycardia — HR 105,Dr. Barnes,https://upload.wikimedia.org/wikipedia/commons/thumb/6/6c/E000754_%28CardioNetworks_ECGpedia%29.jpg/500px-E000754_%28CardioNetworks_ECGpedia%29.jpg
ECG-400130,Ronald Scott,Resting ECG,2025-06-03,Normal Sinus Rhythm,Dr. Kim,https://upload.wikimedia.org/wikipedia/commons/thumb/7/72/E333_%28CardioNetworks_ECGpedia%29.jpg/500px-E333_%28CardioNetworks_ECGpedia%29.jpg
ECG-400131,Melissa Scott,Resting ECG,2024-10-29,Normal Sinus Rhythm — LVEF 52%,Dr. Kapoor,https://upload.wikimedia.org/wikipedia/commons/thumb/6/6c/E000754_%28CardioNetworks_ECGpedia%29.jpg/500px-E000754_%28CardioNetworks_ECGpedia%29.jpg
ECG-400132,Jason Green,Resting ECG,2025-01-26,Normal Sinus Rhythm,Dr. Kapoor,https://upload.wikimedia.org/wikipedia/commons/thumb/6/6c/E000754_%28CardioNetworks_ECGpedia%29.jpg/500px-E000754_%28CardioNetworks_ECGpedia%29.jpg
ECG-400133,Susan Taylor,Resting ECG,2024-12-16,Normal Sinus Rhythm,Dr. Zhao,https://upload.wikimedia.org/wikipedia/commons/thumb/6/6c/E000754_%28CardioNetworks_ECGpedia%29.jpg/500px-E000754_%28CardioNetworks_ECGpedia%29.jpg
ECG-400133,Susan Taylor,Resting ECG,2025-05-26,Normal — LVEF 58%,Dr. Patel,https://upload.wikimedia.org/wikipedia/commons/thumb/6/6c/E000754_%28CardioNetworks_ECGpedia%29.jpg/500px-E000754_%28CardioNetworks_ECGpedia%29.jpg
ECG-400134,Joseph Williams,Resting ECG,2024-08-06,Sinus tachycardia — HR 105,Dr. Hernandez,https://upload.wikimedia.org/wikipedia/commons/thumb/7/72/E333_%28CardioNetworks_ECGpedia%29.jpg/500px-E333_%28CardioNetworks_ECGpedia%29.jpg
ECG-400134,Joseph Williams,Resting ECG,2024-10-01,Normal Sinus Rhythm,Dr. Kim,https://upload.wikimedia.org/wikipedia/commons/thumb/6/6c/E000754_%28CardioNetworks_ECGpedia%29.jpg/500px-E000754_%28CardioNetworks_ECGpedia%29.jpg
ECG-400135,Edward Thomas,Resting ECG,2024-12-05,Normal Sinus Rhythm,Dr. Kim,https://upload.wikimedia.org/wikipedia/commons/thumb/7/72/E333_%28CardioNetworks_ECGpedia%29.jpg/500px-E333_%28CardioNetworks_ECGpedia%29.jpg
ECG-400135,Edward Thomas,Resting ECG,2025-05-15,Normal — LVEF 58%,Dr. Barnes,https://upload.wikimedia.org/wikipedia/commons/thumb/6/6c/E000754_%28CardioNetworks_ECGpedia%29.jpg/500px-E000754_%28CardioNetworks_ECGpedia%29.jpg
ECG-400136,Nancy Brown,Resting ECG,2025-07-17,Normal Sinus Rhythm,Dr. Reynolds,https://upload.wikimedia.org/wikipedia/commons/thumb/6/6c/E000754_%28CardioNetworks_ECGpedia%29.jpg/500px-E000754_%28CardioNetworks_ECGpedia%29.jpg
ECG-400136,Nancy Brown,Resting ECG,2025-12-11,Normal Sinus Rhythm — LVEF preserved,Dr. Patel,https://upload.wikimedia.org/wikipedia/commons/thumb/7/72/E333_%28CardioNetworks_ECGpedia%29.jpg/500px-E333_%28CardioNetworks_ECGpedia%29.jpg
ECG-400137,Paul Smith,Resting ECG,2024-11-28,Normal Sinus Rhythm,Dr. Montgomery,https://upload.wikimedia.org/wikipedia/commons/thumb/7/72/E333_%28CardioNetworks_ECGpedia%29.jpg/500px-E333_%28CardioNetworks_ECGpedia%29.jpg
ECG-400137,Paul Smith,Resting ECG,2025-05-08,Normal — LVEF 58%,Dr. Montgomery,https://upload.wikimedia.org/wikipedia/commons/thumb/7/72/E333_%28CardioNetworks_ECGpedia%29.jpg/500px-E333_%28CardioNetworks_ECGpedia%29.jpg
ECG-400138,George Williams,Resting ECG,2025-07-09,Normal Sinus Rhythm,Dr. Reynolds,https://upload.wikimedia.org/wikipedia/commons/thumb/6/6c/E000754_%28CardioNetworks_ECGpedia%29.jpg/500px-E000754_%28CardioNetworks_ECGpedia%29.jpg
ECG-400138,George Williams,Resting ECG,2025-12-03,Normal Sinus Rhythm — LVEF preserved,Dr. Zhao,https://upload.wikimedia.org/wikipedia/commons/thumb/7/72/E333_%28CardioNetworks_ECGpedia%29.jpg/500px-E333_%28CardioNetworks_ECGpedia%29.jpg
ECG-400139,Carol Taylor,Resting ECG,2025-07-03,Sinus tachycardia — HR 105,Dr. Sullivan,https://upload.wikimedia.org/wikipedia/commons/thumb/6/6c/E000754_%28CardioNetworks_ECGpedia%29.jpg/500px-E000754_%28CardioNetworks_ECGpedia%29.jpg
ECG-400139,Carol Taylor,Resting ECG,2025-08-28,Normal Sinus Rhythm,Dr. Whitfield,https://upload.wikimedia.org/wikipedia/commons/thumb/7/72/E333_%28CardioNetworks_ECGpedia%29.jpg/500px-E333_%28CardioNetworks_ECGpedia%29.jpg
ECG-400140,Anthony Young,Resting ECG,2025-01-20,Normal Sinus Rhythm,Dr. Fischer,https://upload.wikimedia.org/wikipedia/commons/thumb/6/6c/E000754_%28CardioNetworks_ECGpedia%29.jpg/500px-E000754_%28CardioNetworks_ECGpedia%29.jpg
ECG-400140,Anthony Young,Resting ECG,2025-06-30,Normal — LVEF 58%,Dr. Sullivan,https://upload.wikimedia.org/wikipedia/commons/thumb/6/6c/E000754_%28CardioNetworks_ECGpedia%29.jpg/500px-E000754_%28CardioNetworks_ECGpedia%29.jpg
ECG-400141,Betty Miller,Resting ECG,2024-08-03,Normal Sinus Rhythm,Dr. Whitfield,https://upload.wikimedia.org/wikipedia/commons/thumb/7/72/E333_%28CardioNetworks_ECGpedia%29.jpg/500px-E333_%28CardioNetworks_ECGpedia%29.jpg
ECG-400142,Elizabeth Davis,Resting ECG,2024-09-13,Normal Sinus Rhythm,Dr. Kapoor,https://upload.wikimedia.org/wikipedia/commons/thumb/6/6c/E000754_%28CardioNetworks_ECGpedia%29.jpg/500px-E000754_%28CardioNetworks_ECGpedia%29.jpg
ECG-400143,Sandra Taylor,Resting ECG,2024-09-05,Normal Sinus Rhythm,Dr. Fischer,https://upload.wikimedia.org/wikipedia/commons/thumb/7/72/E333_%28CardioNetworks_ECGpedia%29.jpg/500px-E333_%28CardioNetworks_ECGpedia%29.jpg
ECG-400144,Timothy Hall,Resting ECG,2025-01-10,Normal Sinus Rhythm,Dr. Barnes,https://upload.wikimedia.org/wikipedia/commons/thumb/6/6c/E000754_%28CardioNetworks_ECGpedia%29.jpg/500px-E000754_%28CardioNetworks_ECGpedia%29.jpg
ECG-400145,Emily Allen,Resting ECG,2024-08-05,Normal Sinus Rhythm,Dr. Fischer,https://upload.wikimedia.org/wikipedia/commons/thumb/6/6c/E000754_%28CardioNetworks_ECGpedia%29.jpg/500px-E000754_%28CardioNetworks_ECGpedia%29.jpg
ECG-400145,Emily Allen,Resting ECG,2025-01-13,Normal — LVEF 58%,Dr. Nguyen,https://upload.wikimedia.org/wikipedia/commons/thumb/6/6c/E000754_%28CardioNetworks_ECGpedia%29.jpg/500px-E000754_%28CardioNetworks_ECGpedia%29.jpg
ECG-400146,Brian Scott,Resting ECG,2024-10-24,Normal Sinus Rhythm,Dr. Whitfield,https://upload.wikimedia.org/wikipedia/commons/thumb/6/6c/E000754_%28CardioNetworks_ECGpedia%29.jpg/500px-E000754_%28CardioNetworks_ECGpedia%29.jpg
ECG-400146,Brian Scott,Resting ECG,2025-03-20,Normal Sinus Rhythm — LVEF preserved,Dr. Sullivan,https://upload.wikimedia.org/wikipedia/commons/thumb/7/72/E333_%28CardioNetworks_ECGpedia%29.jpg/500px-E333_%28CardioNetworks_ECGpedia%29.jpg
ECG-400147,George Martinez,Resting ECG,2024-07-17,Normal Sinus Rhythm,Dr. Hernandez,https://upload.wikimedia.org/wikipedia/commons/thumb/6/6c/E000754_%28CardioNetworks_ECGpedia%29.jpg/500px-E000754_%28CardioNetworks_ECGpedia%29.jpg
ECG-400148,Kenneth Thomas,Resting ECG,2024-10-17,Normal Sinus Rhythm,Dr. Barnes,https://upload.wikimedia.org/wikipedia/commons/thumb/6/6c/E000754_%28CardioNetworks_ECGpedia%29.jpg/500px-E000754_%28CardioNetworks_ECGpedia%29.jpg
ECG-400150,Brian Williams,Resting ECG,2024-10-26,Normal Sinus Rhythm,Dr. Abrams,https://upload.wikimedia.org/wikipedia/commons/thumb/6/6c/E000754_%28CardioNetworks_ECGpedia%29.jpg/500px-E000754_%28CardioNetworks_ECGpedia%29.jpg
ECG-400150,Brian Williams,Resting ECG,2025-04-05,Normal — LVEF 58%,Dr. Kim,https://upload.wikimedia.org/wikipedia/commons/thumb/7/72/E333_%28CardioNetworks_ECGpedia%29.jpg/500px-E333_%28CardioNetworks_ECGpedia%29.jpg
ECG-400151,Andrew Martin,Resting ECG,2024-10-25,Sinus tachycardia — HR 105,Dr. Abrams,https://upload.wikimedia.org/wikipedia/commons/thumb/7/72/E333_%28CardioNetworks_ECGpedia%29.jpg/500px-E333_%28CardioNetworks_ECGpedia%29.jpg
ECG-400151,Andrew Martin,Resting ECG,2024-12-20,Normal Sinus Rhythm,Dr. Kapoor,https://upload.wikimedia.org/wikipedia/commons/thumb/7/72/E333_%28CardioNetworks_ECGpedia%29.jpg/500px-E333_%28CardioNetworks_ECGpedia%29.jpg
ECG-400152,Carol Allen,Resting ECG,2024-12-10,Normal Sinus Rhythm,Dr. Sullivan,https://upload.wikimedia.org/wikipedia/commons/thumb/6/6c/E000754_%28CardioNetworks_ECGpedia%29.jpg/500px-E000754_%28CardioNetworks_ECGpedia%29.jpg
ECG-400153,Richard Martin,Resting ECG,2025-03-07,Normal Sinus Rhythm,Dr. Patel,https://upload.wikimedia.org/wikipedia/commons/thumb/6/6c/E000754_%28CardioNetworks_ECGpedia%29.jpg/500px-E000754_%28CardioNetworks_ECGpedia%29.jpg
ECG-400153,Richard Martin,Resting ECG,2025-08-01,Normal Sinus Rhythm — LVEF preserved,Dr. Sullivan,https://upload.wikimedia.org/wikipedia/commons/thumb/7/72/E333_%28CardioNetworks_ECGpedia%29.jpg/500px-E333_%28CardioNetworks_ECGpedia%29.jpg
ECG-400154,Carol Walker,Resting ECG,2024-12-08,Sinus tachycardia — HR 105,Dr. Kapoor,https://upload.wikimedia.org/wikipedia/commons/thumb/6/6c/E000754_%28CardioNetworks_ECGpedia%29.jpg/500px-E000754_%28CardioNetworks_ECGpedia%29.jpg
ECG-400154,Carol Walker,Resting ECG,2025-02-02,Normal Sinus Rhythm,Dr. Whitfield,https://upload.wikimedia.org/wikipedia/commons/thumb/7/72/E333_%28CardioNetworks_ECGpedia%29.jpg/500px-E333_%28CardioNetworks_ECGpedia%29.jpg
ECG-400155,Elizabeth King,Resting ECG,2025-04-03,Normal Sinus Rhythm,Dr. Sullivan,https://upload.wikimedia.org/wikipedia/commons/thumb/6/6c/E000754_%28CardioNetworks_ECGpedia%29.jpg/500px-E000754_%28CardioNetworks_ECGpedia%29.jpg
ECG-400155,Elizabeth King,Resting ECG,2025-08-28,Normal Sinus Rhythm — LVEF preserved,Dr. Patel,https://upload.wikimedia.org/wikipedia/commons/thumb/7/72/E333_%28CardioNetworks_ECGpedia%29.jpg/500px-E333_%28CardioNetworks_ECGpedia%29.jpg
ECG-400156,Joshua Williams,Resting ECG,2024-11-06,Sinus tachycardia — HR 105,Dr. Hernandez,https://upload.wikimedia.org/wikipedia/commons/thumb/6/6c/E000754_%28CardioNetworks_ECGpedia%29.jpg/500px-E000754_%28CardioNetworks_ECGpedia%29.jpg
ECG-400156,Joshua Williams,Resting ECG,2025-01-01,Normal Sinus Rhythm,Dr. Barnes,https://upload.wikimedia.org/wikipedia/commons/thumb/7/72/E333_%28CardioNetworks_ECGpedia%29.jpg/500px-E333_%28CardioNetworks_ECGpedia%29.jpg
ECG-400157,Andrew Hall,Resting ECG,2025-05-17,Normal Sinus Rhythm,Dr. Okafor,https://upload.wikimedia.org/wikipedia/commons/thumb/7/72/E333_%28CardioNetworks_ECGpedia%29.jpg/500px-E333_%28CardioNetworks_ECGpedia%29.jpg
ECG-400158,Jennifer Thomas,Resting ECG,2025-06-28,Sinus tachycardia — HR 105,Dr. Reynolds,https://upload.wikimedia.org/wikipedia/commons/thumb/7/72/E333_%28CardioNetworks_ECGpedia%29.jpg/500px-E333_%28CardioNetworks_ECGpedia%29.jpg
ECG-400158,Jennifer Thomas,Resting ECG,2025-08-23,Normal Sinus Rhythm,Dr. Nguyen,https://upload.wikimedia.org/wikipedia/commons/thumb/6/6c/E000754_%28CardioNetworks_ECGpedia%29.jpg/500px-E000754_%28CardioNetworks_ECGpedia%29.jpg
ECG-400159,Matthew Williams,Resting ECG,2025-06-14,Normal Sinus Rhythm — LVEF 52%,Dr. Barnes,https://upload.wikimedia.org/wikipedia/commons/thumb/7/72/E333_%28CardioNetworks_ECGpedia%29.jpg/500px-E333_%28CardioNetworks_ECGpedia%29.jpg
ECG-400160,George Jones,Resting ECG,2025-06-12,Normal Sinus Rhythm,Dr. Zhao,https://upload.wikimedia.org/wikipedia/commons/thumb/6/6c/E000754_%28CardioNetworks_ECGpedia%29.jpg/500px-E000754_%28CardioNetworks_ECGpedia%29.jpg
ECG-400161,Nancy Martin,Resting ECG,2024-10-01,Normal Sinus Rhythm — LVEF 52%,Dr. Nakamura,https://upload.wikimedia.org/wikipedia/commons/thumb/6/6c/E000754_%28CardioNetworks_ECGpedia%29.jpg/500px-E000754_%28CardioNetworks_ECGpedia%29.jpg
ECG-400162,Carol Martin,Resting ECG,2025-01-01,Normal Sinus Rhythm — LVEF 52%,Dr. Okafor,https://upload.wikimedia.org/wikipedia/commons/thumb/7/72/E333_%28CardioNetworks_ECGpedia%29.jpg/500px-E333_%28CardioNetworks_ECGpedia%29.jpg
ECG-400163,Elizabeth King,Resting ECG,2025-06-21,Normal Sinus Rhythm,Dr. Montgomery,https://upload.wikimedia.org/wikipedia/commons/thumb/7/72/E333_%28CardioNetworks_ECGpedia%29.jpg/500px-E333_%28CardioNetworks_ECGpedia%29.jpg
ECG-400163,Elizabeth King,Resting ECG,2025-11-15,Normal Sinus Rhythm — LVEF preserved,Dr. Patel,https://upload.wikimedia.org/wikipedia/commons/thumb/7/72/E333_%28CardioNetworks_ECGpedia%29.jpg/500px-E333_%28CardioNetworks_ECGpedia%29.jpg
ECG-400164,Anthony Rodriguez,Resting ECG,2024-07-24,Normal Sinus Rhythm,Dr. Hernandez,https://upload.wikimedia.org/wikipedia/commons/thumb/7/72/E333_%28CardioNetworks_ECGpedia%29.jpg/500px-E333_%28CardioNetworks_ECGpedia%29.jpg
ECG-400165,Edward Johnson,Resting ECG,2025-01-12,Normal Sinus Rhythm,Dr. Nguyen,https://upload.wikimedia.org/wikipedia/commons/thumb/7/72/E333_%28CardioNetworks_ECGpedia%29.jpg/500px-E333_%28CardioNetworks_ECGpedia%29.jpg
ECG-400166,Joshua Brown,Resting ECG,2024-10-25,Normal Sinus Rhythm,Dr. Whitfield,https://upload.wikimedia.org/wikipedia/commons/thumb/7/72/E333_%28CardioNetworks_ECGpedia%29.jpg/500px-E333_%28CardioNetworks_ECGpedia%29.jpg
ECG-400167,Carol Young,Resting ECG,2024-09-26,Normal Sinus Rhythm,Dr. Patel,https://upload.wikimedia.org/wikipedia/commons/thumb/7/72/E333_%28CardioNetworks_ECGpedia%29.jpg/500px-E333_%28CardioNetworks_ECGpedia%29.jpg
ECG-400167,Carol Young,Resting ECG,2025-03-06,Normal — LVEF 58%,Dr. Montgomery,https://upload.wikimedia.org/wikipedia/commons/thumb/7/72/E333_%28CardioNetworks_ECGpedia%29.jpg/500px-E333_%28CardioNetworks_ECGpedia%29.jpg
ECG-400168,Nancy Martinez,Resting ECG,2025-05-01,Normal Sinus Rhythm,Dr. Patel,https://upload.wikimedia.org/wikipedia/commons/thumb/7/72/E333_%28CardioNetworks_ECGpedia%29.jpg/500px-E333_%28CardioNetworks_ECGpedia%29.jpg
ECG-400169,Ronald Young,Resting ECG,2025-03-22,Normal Sinus Rhythm — LVEF 52%,Dr. Whitfield,https://upload.wikimedia.org/wikipedia/commons/thumb/6/6c/E000754_%28CardioNetworks_ECGpedia%29.jpg/500px-E000754_%28CardioNetworks_ECGpedia%29.jpg
ECG-400170,Jennifer Young,Resting ECG,2024-09-11,Normal Sinus Rhythm,Dr. Nakamura,https://upload.wikimedia.org/wikipedia/commons/thumb/7/72/E333_%28CardioNetworks_ECGpedia%29.jpg/500px-E333_%28CardioNetworks_ECGpedia%29.jpg
ECG-400171,Barbara Walker,Resting ECG,2024-06-11,Normal Sinus Rhythm — LVEF 52%,Dr. Montgomery,https://upload.wikimedia.org/wikipedia/commons/thumb/7/72/E333_%28CardioNetworks_ECGpedia%29.jpg/500px-E333_%28CardioNetworks_ECGpedia%29.jpg
ECG-400172,Kimberly Rodriguez,Resting ECG,2024-10-02,Sinus tachycardia — HR 105,Dr. Montgomery,https://upload.wikimedia.org/wikipedia/commons/thumb/6/6c/E000754_%28CardioNetworks_ECGpedia%29.jpg/500px-E000754_%28CardioNetworks_ECGpedia%29.jpg
ECG-400172,Kimberly Rodriguez,Resting ECG,2024-11-27,Normal Sinus Rhythm,Dr. Reynolds,https://upload.wikimedia.org/wikipedia/commons/thumb/7/72/E333_%28CardioNetworks_ECGpedia%29.jpg/500px-E333_%28CardioNetworks_ECGpedia%29.jpg
ECG-400173,Richard Thomas,Resting ECG,2025-07-11,Normal Sinus Rhythm,Dr. Hernandez,https://upload.wikimedia.org/wikipedia/commons/thumb/6/6c/E000754_%28CardioNetworks_ECGpedia%29.jpg/500px-E000754_%28CardioNetworks_ECGpedia%29.jpg
ECG-400174,Joseph Scott,Resting ECG,2024-07-21,Normal Sinus Rhythm,Dr. Nakamura,https://upload.wikimedia.org/wikipedia/commons/thumb/6/6c/E000754_%28CardioNetworks_ECGpedia%29.jpg/500px-E000754_%28CardioNetworks_ECGpedia%29.jpg
ECG-400175,Sandra Walker,Resting ECG,2024-06-26,Normal Sinus Rhythm,Dr. Kim,https://upload.wikimedia.org/wikipedia/commons/thumb/6/6c/E000754_%28CardioNetworks_ECGpedia%29.jpg/500px-E000754_%28CardioNetworks_ECGpedia%29.jpg
ECG-400175,Sandra Walker,Resting ECG,2024-12-04,Normal — LVEF 58%,Dr. Kapoor,https://upload.wikimedia.org/wikipedia/commons/thumb/6/6c/E000754_%28CardioNetworks_ECGpedia%29.jpg/500px-E000754_%28CardioNetworks_ECGpedia%29.jpg
ECG-400176,Joshua Rodriguez,Resting ECG,2025-06-23,Normal Sinus Rhythm,Dr. Sullivan,https://upload.wikimedia.org/wikipedia/commons/thumb/7/72/E333_%28CardioNetworks_ECGpedia%29.jpg/500px-E333_%28CardioNetworks_ECGpedia%29.jpg
ECG-400177,Ronald Scott,Resting ECG,2024-07-20,Normal Sinus Rhythm,Dr. Nakamura,https://upload.wikimedia.org/wikipedia/commons/thumb/6/6c/E000754_%28CardioNetworks_ECGpedia%29.jpg/500px-E000754_%28CardioNetworks_ECGpedia%29.jpg
ECG-400177,Ronald Scott,Resting ECG,2024-12-28,Normal — LVEF 58%,Dr. Sullivan,https://upload.wikimedia.org/wikipedia/commons/thumb/7/72/E333_%28CardioNetworks_ECGpedia%29.jpg/500px-E333_%28CardioNetworks_ECGpedia%29.jpg
ECG-400178,Jason Martinez,Resting ECG,2025-05-05,Sinus tachycardia — HR 105,Dr. Hernandez,https://upload.wikimedia.org/wikipedia/commons/thumb/6/6c/E000754_%28CardioNetworks_ECGpedia%29.jpg/500px-E000754_%28CardioNetworks_ECGpedia%29.jpg
ECG-400178,Jason Martinez,Resting ECG,2025-06-30,Normal Sinus Rhythm,Dr. Fischer,https://upload.wikimedia.org/wikipedia/commons/thumb/6/6c/E000754_%28CardioNetworks_ECGpedia%29.jpg/500px-E000754_%28CardioNetworks_ECGpedia%29.jpg
ECG-400179,Margaret Scott,Resting ECG,2025-06-08,Normal Sinus Rhythm,Dr. Nakamura,https://upload.wikimedia.org/wikipedia/commons/thumb/7/72/E333_%28CardioNetworks_ECGpedia%29.jpg/500px-E333_%28CardioNetworks_ECGpedia%29.jpg
ECG-400180,Elizabeth Williams,Resting ECG,2024-06-23,Normal Sinus Rhythm,Dr. Nakamura,https://upload.wikimedia.org/wikipedia/commons/thumb/7/72/E333_%28CardioNetworks_ECGpedia%29.jpg/500px-E333_%28CardioNetworks_ECGpedia%29.jpg
ECG-400181,Joseph Davis,Resting ECG,2025-04-06,Normal Sinus Rhythm,Dr. Okafor,https://upload.wikimedia.org/wikipedia/commons/thumb/7/72/E333_%28CardioNetworks_ECGpedia%29.jpg/500px-E333_%28CardioNetworks_ECGpedia%29.jpg
ECG-400182,Carol Williams,Resting ECG,2024-12-21,Sinus tachycardia — HR 105,Dr. Kim,https://upload.wikimedia.org/wikipedia/commons/thumb/7/72/E333_%28CardioNetworks_ECGpedia%29.jpg/500px-E333_%28CardioNetworks_ECGpedia%29.jpg
ECG-400182,Carol Williams,Resting ECG,2025-02-15,Normal Sinus Rhythm,Dr. Hernandez,https://upload.wikimedia.org/wikipedia/commons/thumb/6/6c/E000754_%28CardioNetworks_ECGpedia%29.jpg/500px-E000754_%28CardioNetworks_ECGpedia%29.jpg
ECG-400183,David Green,Resting ECG,2025-03-22,Normal Sinus Rhythm,Dr. Nguyen,https://upload.wikimedia.org/wikipedia/commons/thumb/6/6c/E000754_%28CardioNetworks_ECGpedia%29.jpg/500px-E000754_%28CardioNetworks_ECGpedia%29.jpg
ECG-400184,Lisa Young,Resting ECG,2024-08-30,Normal Sinus Rhythm,Dr. Okafor,https://upload.wikimedia.org/wikipedia/commons/thumb/7/72/E333_%28CardioNetworks_ECGpedia%29.jpg/500px-E333_%28CardioNetworks_ECGpedia%29.jpg
ECG-400184,Lisa Young,Resting ECG,2025-01-24,Normal Sinus Rhythm — LVEF preserved,Dr. Hernandez,https://upload.wikimedia.org/wikipedia/commons/thumb/6/6c/E000754_%28CardioNetworks_ECGpedia%29.jpg/500px-E000754_%28CardioNetworks_ECGpedia%29.jpg
ECG-400185,Barbara Wright,Resting ECG,2025-03-30,Normal Sinus Rhythm,Dr. Abrams,https://upload.wikimedia.org/wikipedia/commons/thumb/7/72/E333_%28CardioNetworks_ECGpedia%29.jpg/500px-E333_%28CardioNetworks_ECGpedia%29.jpg
ECG-400185,Barbara Wright,Resting ECG,2025-08-24,Normal Sinus Rhythm — LVEF preserved,Dr. Patel,https://upload.wikimedia.org/wikipedia/commons/thumb/6/6c/E000754_%28CardioNetworks_ECGpedia%29.jpg/500px-E000754_%28CardioNetworks_ECGpedia%29.jpg
ECG-400186,Anthony Thomas,Resting ECG,2024-09-08,Normal Sinus Rhythm,Dr. Fischer,https://upload.wikimedia.org/wikipedia/commons/thumb/6/6c/E000754_%28CardioNetworks_ECGpedia%29.jpg/500px-E000754_%28CardioNetworks_ECGpedia%29.jpg
ECG-400187,Melissa Allen,Resting ECG,2025-04-17,Normal Sinus Rhythm,Dr. Nakamura,https://upload.wikimedia.org/wikipedia/commons/thumb/7/72/E333_%28CardioNetworks_ECGpedia%29.jpg/500px-E333_%28CardioNetworks_ECGpedia%29.jpg
ECG-400188,Michelle Walker,Resting ECG,2024-08-25,Normal Sinus Rhythm,Dr. Nakamura,https://upload.wikimedia.org/wikipedia/commons/thumb/7/72/E333_%28CardioNetworks_ECGpedia%29.jpg/500px-E333_%28CardioNetworks_ECGpedia%29.jpg
ECG-400188,Michelle Walker,Resting ECG,2025-01-19,Normal Sinus Rhythm — LVEF preserved,Dr. Okafor,https://upload.wikimedia.org/wikipedia/commons/thumb/7/72/E333_%28CardioNetworks_ECGpedia%29.jpg/500px-E333_%28CardioNetworks_ECGpedia%29.jpg
ECG-400189,Amanda Thomas,Resting ECG,2025-07-06,Normal Sinus Rhythm,Dr. Sullivan,https://upload.wikimedia.org/wikipedia/commons/thumb/7/72/E333_%28CardioNetworks_ECGpedia%29.jpg/500px-E333_%28CardioNetworks_ECGpedia%29.jpg
ECG-400190,Daniel Walker,Resting ECG,2024-11-20,Normal Sinus Rhythm,Dr. Kapoor,https://upload.wikimedia.org/wikipedia/commons/thumb/6/6c/E000754_%28CardioNetworks_ECGpedia%29.jpg/500px-E000754_%28CardioNetworks_ECGpedia%29.jpg
ECG-400191,Barbara Rodriguez,Resting ECG,2024-08-11,Normal Sinus Rhythm,Dr. Whitfield,https://upload.wikimedia.org/wikipedia/commons/thumb/7/72/E333_%28CardioNetworks_ECGpedia%29.jpg/500px-E333_%28CardioNetworks_ECGpedia%29.jpg
ECG-400191,Barbara Rodriguez,Resting ECG,2025-01-19,Normal — LVEF 58%,Dr. Okafor,https://upload.wikimedia.org/wikipedia/commons/thumb/7/72/E333_%28CardioNetworks_ECGpedia%29.jpg/500px-E333_%28CardioNetworks_ECGpedia%29.jpg
ECG-400192,Timothy King,Resting ECG,2024-09-03,Normal Sinus Rhythm,Dr. Fischer,https://upload.wikimedia.org/wikipedia/commons/thumb/6/6c/E000754_%28CardioNetworks_ECGpedia%29.jpg/500px-E000754_%28CardioNetworks_ECGpedia%29.jpg
ECG-400193,Richard King,Resting ECG,2025-07-26,Normal Sinus Rhythm,Dr. Nguyen,https://upload.wikimedia.org/wikipedia/commons/thumb/7/72/E333_%28CardioNetworks_ECGpedia%29.jpg/500px-E333_%28CardioNetworks_ECGpedia%29.jpg
ECG-400194,Melissa Martinez,Resting ECG,2024-11-07,Normal Sinus Rhythm,Dr. Patel,https://upload.wikimedia.org/wikipedia/commons/thumb/7/72/E333_%28CardioNetworks_ECGpedia%29.jpg/500px-E333_%28CardioNetworks_ECGpedia%29.jpg
ECG-400195,Brian Jackson,Resting ECG,2025-04-07,Sinus tachycardia — HR 105,Dr. Kim,https://upload.wikimedia.org/wikipedia/commons/thumb/6/6c/E000754_%28CardioNetworks_ECGpedia%29.jpg/500px-E000754_%28CardioNetworks_ECGpedia%29.jpg
ECG-400195,Brian Jackson,Resting ECG,2025-06-02,Normal Sinus Rhythm,Dr. Abrams,https://upload.wikimedia.org/wikipedia/commons/thumb/6/6c/E000754_%28CardioNetworks_ECGpedia%29.jpg/500px-E000754_%28CardioNetworks_ECGpedia%29.jpg
ECG-400196,Donna Jones,Resting ECG,2024-12-02,Normal Sinus Rhythm,Dr. Sullivan,https://upload.wikimedia.org/wikipedia/commons/thumb/6/6c/E000754_%28CardioNetworks_ECGpedia%29.jpg/500px-E000754_%28CardioNetworks_ECGpedia%29.jpg
ECG-400196,Donna Jones,Resting ECG,2025-04-28,Normal Sinus Rhythm — LVEF preserved,Dr. Patel,https://upload.wikimedia.org/wikipedia/commons/thumb/6/6c/E000754_%28CardioNetworks_ECGpedia%29.jpg/500px-E000754_%28CardioNetworks_ECGpedia%29.jpg
ECG-400197,Carol Davis,Resting ECG,2024-12-21,Normal Sinus Rhythm,Dr. Hernandez,https://upload.wikimedia.org/wikipedia/commons/thumb/6/6c/E000754_%28CardioNetworks_ECGpedia%29.jpg/500px-E000754_%28CardioNetworks_ECGpedia%29.jpg
ECG-400197,Carol Davis,Resting ECG,2025-05-31,Normal — LVEF 58%,Dr. Whitfield,https://upload.wikimedia.org/wikipedia/commons/thumb/6/6c/E000754_%28CardioNetworks_ECGpedia%29.jpg/500px-E000754_%28CardioNetworks_ECGpedia%29.jpg
ECG-400199,Jennifer Williams,Resting ECG,2024-10-17,Normal Sinus Rhythm,Dr. Reynolds,https://upload.wikimedia.org/wikipedia/commons/thumb/7/72/E333_%28CardioNetworks_ECGpedia%29.jpg/500px-E333_%28CardioNetworks_ECGpedia%29.jpg
ECG-400201,Jessica Rodriguez,Resting ECG,2024-12-23,Normal Sinus Rhythm,Dr. Reynolds,https://upload.wikimedia.org/wikipedia/commons/thumb/7/72/E333_%28CardioNetworks_ECGpedia%29.jpg/500px-E333_%28CardioNetworks_ECGpedia%29.jpg
ECG-400202,Barbara Moore,Resting ECG,2025-04-23,Normal Sinus Rhythm,Dr. Hernandez,https://upload.wikimedia.org/wikipedia/commons/thumb/6/6c/E000754_%28CardioNetworks_ECGpedia%29.jpg/500px-E000754_%28CardioNetworks_ECGpedia%29.jpg
ECG-400202,Barbara Moore,Resting ECG,2025-10-01,Normal — LVEF 58%,Dr. Abrams,https://upload.wikimedia.org/wikipedia/commons/thumb/7/72/E333_%28CardioNetworks_ECGpedia%29.jpg/500px-E333_%28CardioNetworks_ECGpedia%29.jpg
ECG-400203,George Thomas,Resting ECG,2024-09-17,Normal Sinus Rhythm,Dr. Patel,https://upload.wikimedia.org/wikipedia/commons/thumb/7/72/E333_%28CardioNetworks_ECGpedia%29.jpg/500px-E333_%28CardioNetworks_ECGpedia%29.jpg
ECG-400204,Richard Johnson,Resting ECG,2025-01-20,Normal Sinus Rhythm — LVEF 52%,Dr. Nakamura,https://upload.wikimedia.org/wikipedia/commons/thumb/6/6c/E000754_%28CardioNetworks_ECGpedia%29.jpg/500px-E000754_%28CardioNetworks_ECGpedia%29.jpg
ECG-400205,Margaret Moore,Resting ECG,2025-02-16,Normal Sinus Rhythm — LVEF 52%,Dr. Nakamura,https://upload.wikimedia.org/wikipedia/commons/thumb/6/6c/E000754_%28CardioNetworks_ECGpedia%29.jpg/500px-E000754_%28CardioNetworks_ECGpedia%29.jpg
ECG-400206,Jennifer Thomas,Resting ECG,2025-04-02,Normal Sinus Rhythm,Dr. Nguyen,https://upload.wikimedia.org/wikipedia/commons/thumb/6/6c/E000754_%28CardioNetworks_ECGpedia%29.jpg/500px-E000754_%28CardioNetworks_ECGpedia%29.jpg
ECG-400207,Nancy Green,Resting ECG,2025-03-03,Normal Sinus Rhythm,Dr. Fischer,https://upload.wikimedia.org/wikipedia/commons/thumb/7/72/E333_%28CardioNetworks_ECGpedia%29.jpg/500px-E333_%28CardioNetworks_ECGpedia%29.jpg
ECG-400208,Daniel Miller,Resting ECG,2024-08-24,Normal Sinus Rhythm,Dr. Montgomery,https://upload.wikimedia.org/wikipedia/commons/thumb/6/6c/E000754_%28CardioNetworks_ECGpedia%29.jpg/500px-E000754_%28CardioNetworks_ECGpedia%29.jpg
ECG-400209,Elizabeth Scott,Resting ECG,2024-11-14,Normal Sinus Rhythm — LVEF 52%,Dr. Zhao,https://upload.wikimedia.org/wikipedia/commons/thumb/6/6c/E000754_%28CardioNetworks_ECGpedia%29.jpg/500px-E000754_%28CardioNetworks_ECGpedia%29.jpg
ECG-400210,Brian Hall,Resting ECG,2025-04-16,Normal Sinus Rhythm,Dr. Barnes,https://upload.wikimedia.org/wikipedia/commons/thumb/6/6c/E000754_%28CardioNetworks_ECGpedia%29.jpg/500px-E000754_%28CardioNetworks_ECGpedia%29.jpg
ECG-400210,Brian Hall,Resting ECG,2025-09-24,Normal — LVEF 58%,Dr. Barnes,https://upload.wikimedia.org/wikipedia/commons/thumb/7/72/E333_%28CardioNetworks_ECGpedia%29.jpg/500px-E333_%28CardioNetworks_ECGpedia%29.jpg
ECG-400211,Melissa Martinez,Resting ECG,2025-06-17,Normal Sinus Rhythm,Dr. Fischer,https://upload.wikimedia.org/wikipedia/commons/thumb/6/6c/E000754_%28CardioNetworks_ECGpedia%29.jpg/500px-E000754_%28CardioNetworks_ECGpedia%29.jpg
ECG-400212,Kimberly Hall,Resting ECG,2024-12-12,Normal Sinus Rhythm — LVEF 52%,Dr. Hernandez,https://upload.wikimedia.org/wikipedia/commons/thumb/7/72/E333_%28CardioNetworks_ECGpedia%29.jpg/500px-E333_%28CardioNetworks_ECGpedia%29.jpg
ECG-400213,Elizabeth Martinez,Resting ECG,2025-06-25,Normal Sinus Rhythm,Dr. Abrams,https://upload.wikimedia.org/wikipedia/commons/thumb/6/6c/E000754_%28CardioNetworks_ECGpedia%29.jpg/500px-E000754_%28CardioNetworks_ECGpedia%29.jpg
ECG-400213,Elizabeth Martinez,Resting ECG,2025-12-03,Normal — LVEF 58%,Dr. Hernandez,https://upload.wikimedia.org/wikipedia/commons/thumb/7/72/E333_%28CardioNetworks_ECGpedia%29.jpg/500px-E333_%28CardioNetworks_ECGpedia%29.jpg
ECG-400214,Melissa Scott,Resting ECG,2024-10-31,Normal Sinus Rhythm,Dr. Abrams,https://upload.wikimedia.org/wikipedia/commons/thumb/7/72/E333_%28CardioNetworks_ECGpedia%29.jpg/500px-E333_%28CardioNetworks_ECGpedia%29.jpg
ECG-400215,Daniel Jackson,Resting ECG,2024-06-10,Normal Sinus Rhythm,Dr. Barnes,https://upload.wikimedia.org/wikipedia/commons/thumb/6/6c/E000754_%28CardioNetworks_ECGpedia%29.jpg/500px-E000754_%28CardioNetworks_ECGpedia%29.jpg
ECG-400216,Michelle King,Resting ECG,2025-05-04,Normal Sinus Rhythm,Dr. Patel,https://upload.wikimedia.org/wikipedia/commons/thumb/7/72/E333_%28CardioNetworks_ECGpedia%29.jpg/500px-E333_%28CardioNetworks_ECGpedia%29.jpg
ECG-400216,Michelle King,Resting ECG,2025-10-12,Normal — LVEF 58%,Dr. Sullivan,https://upload.wikimedia.org/wikipedia/commons/thumb/7/72/E333_%28CardioNetworks_ECGpedia%29.jpg/500px-E333_%28CardioNetworks_ECGpedia%29.jpg
ECG-400218,Susan Taylor,Resting ECG,2025-02-24,Normal Sinus Rhythm — LVEF 52%,Dr. Barnes,https://upload.wikimedia.org/wikipedia/commons/thumb/7/72/E333_%28CardioNetworks_ECGpedia%29.jpg/500px-E333_%28CardioNetworks_ECGpedia%29.jpg
ECG-400220,Sandra Allen,Resting ECG,2025-01-12,Normal Sinus Rhythm,Dr. Hernandez,https://upload.wikimedia.org/wikipedia/commons/thumb/7/72/E333_%28CardioNetworks_ECGpedia%29.jpg/500px-E333_%28CardioNetworks_ECGpedia%29.jpg
ECG-400221,Susan Garcia,Resting ECG,2024-07-02,Normal Sinus Rhythm,Dr. Fischer,https://upload.wikimedia.org/wikipedia/commons/thumb/7/72/E333_%28CardioNetworks_ECGpedia%29.jpg/500px-E333_%28CardioNetworks_ECGpedia%29.jpg
ECG-400222,Betty Taylor,Resting ECG,2024-10-12,Normal Sinus Rhythm,Dr. Nakamura,https://upload.wikimedia.org/wikipedia/commons/thumb/6/6c/E000754_%28CardioNetworks_ECGpedia%29.jpg/500px-E000754_%28CardioNetworks_ECGpedia%29.jpg
ECG-400223,Daniel Martin,Resting ECG,2025-05-27,Normal Sinus Rhythm — LVEF 52%,Dr. Patel,https://upload.wikimedia.org/wikipedia/commons/thumb/6/6c/E000754_%28CardioNetworks_ECGpedia%29.jpg/500px-E000754_%28CardioNetworks_ECGpedia%29.jpg
ECG-400225,Melissa Wright,Resting ECG,2025-03-18,Normal Sinus Rhythm,Dr. Fischer,https://upload.wikimedia.org/wikipedia/commons/thumb/7/72/E333_%28CardioNetworks_ECGpedia%29.jpg/500px-E333_%28CardioNetworks_ECGpedia%29.jpg
ECG-400225,Melissa Wright,Resting ECG,2025-08-12,Normal Sinus Rhythm — LVEF preserved,Dr. Montgomery,https://upload.wikimedia.org/wikipedia/commons/thumb/6/6c/E000754_%28CardioNetworks_ECGpedia%29.jpg/500px-E000754_%28CardioNetworks_ECGpedia%29.jpg
ECG-400226,Richard Hall,Resting ECG,2024-08-16,Normal Sinus Rhythm — LVEF 52%,Dr. Montgomery,https://upload.wikimedia.org/wikipedia/commons/thumb/7/72/E333_%28CardioNetworks_ECGpedia%29.jpg/500px-E333_%28CardioNetworks_ECGpedia%29.jpg
ECG-400227,Susan Wright,Resting ECG,2025-03-10,Normal Sinus Rhythm,Dr. Nguyen,https://upload.wikimedia.org/wikipedia/commons/thumb/7/72/E333_%28CardioNetworks_ECGpedia%29.jpg/500px-E333_%28CardioNetworks_ECGpedia%29.jpg
ECG-400227,Susan Wright,Resting ECG,2025-08-04,Normal Sinus Rhythm — LVEF preserved,Dr. Fischer,https://upload.wikimedia.org/wikipedia/commons/thumb/6/6c/E000754_%28CardioNetworks_ECGpedia%29.jpg/500px-E000754_%28CardioNetworks_ECGpedia%29.jpg
ECG-400228,Timothy Jackson,Resting ECG,2025-01-23,Normal Sinus Rhythm — LVEF 52%,Dr. Abrams,https://upload.wikimedia.org/wikipedia/commons/thumb/6/6c/E000754_%28CardioNetworks_ECGpedia%29.jpg/500px-E000754_%28CardioNetworks_ECGpedia%29.jpg
ECG-400229,Jennifer Green,Resting ECG,2025-01-03,Normal Sinus Rhythm,Dr. Nakamura,https://upload.wikimedia.org/wikipedia/commons/thumb/7/72/E333_%28CardioNetworks_ECGpedia%29.jpg/500px-E333_%28CardioNetworks_ECGpedia%29.jpg
ECG-400230,Joseph Lee,Resting ECG,2025-07-06,Normal Sinus Rhythm,Dr. Sullivan,https://upload.wikimedia.org/wikipedia/commons/thumb/6/6c/E000754_%28CardioNetworks_ECGpedia%29.jpg/500px-E000754_%28CardioNetworks_ECGpedia%29.jpg
ECG-400231,Carol Moore,Resting ECG,2024-08-08,Normal Sinus Rhythm — LVEF 52%,Dr. Patel,https://upload.wikimedia.org/wikipedia/commons/thumb/7/72/E333_%28CardioNetworks_ECGpedia%29.jpg/500px-E333_%28CardioNetworks_ECGpedia%29.jpg
ECG-400232,Amanda Jones,Resting ECG,2025-01-31,Normal Sinus Rhythm,Dr. Kim,https://upload.wikimedia.org/wikipedia/commons/thumb/7/72/E333_%28CardioNetworks_ECGpedia%29.jpg/500px-E333_%28CardioNetworks_ECGpedia%29.jpg
ECG-400232,Amanda Jones,Resting ECG,2025-07-11,Normal — LVEF 58%,Dr. Nakamura,https://upload.wikimedia.org/wikipedia/commons/thumb/7/72/E333_%28CardioNetworks_ECGpedia%29.jpg/500px-E333_%28CardioNetworks_ECGpedia%29.jpg
ECG-400233,Nancy Davis,Resting ECG,2024-09-12,Normal Sinus Rhythm,Dr. Fischer,https://upload.wikimedia.org/wikipedia/commons/thumb/7/72/E333_%28CardioNetworks_ECGpedia%29.jpg/500px-E333_%28CardioNetworks_ECGpedia%29.jpg
ECG-400233,Nancy Davis,Resting ECG,2025-02-20,Normal — LVEF 58%,Dr. Montgomery,https://upload.wikimedia.org/wikipedia/commons/thumb/6/6c/E000754_%28CardioNetworks_ECGpedia%29.jpg/500px-E000754_%28CardioNetworks_ECGpedia%29.jpg
ECG-400234,Steven Miller,Resting ECG,2025-01-15,Normal Sinus Rhythm,Dr. Okafor,https://upload.wikimedia.org/wikipedia/commons/thumb/6/6c/E000754_%28CardioNetworks_ECGpedia%29.jpg/500px-E000754_%28CardioNetworks_ECGpedia%29.jpg
ECG-400235,George Martin,Resting ECG,2024-08-11,Normal Sinus Rhythm,Dr. Sullivan,https://upload.wikimedia.org/wikipedia/commons/thumb/7/72/E333_%28CardioNetworks_ECGpedia%29.jpg/500px-E333_%28CardioNetworks_ECGpedia%29.jpg
ECG-400236,Ashley Davis,Resting ECG,2024-09-22,Normal Sinus Rhythm — LVEF 52%,Dr. Okafor,https://upload.wikimedia.org/wikipedia/commons/thumb/6/6c/E000754_%28CardioNetworks_ECGpedia%29.jpg/500px-E000754_%28CardioNetworks_ECGpedia%29.jpg
ECG-400237,Jason Allen,Resting ECG,2025-03-19,Normal Sinus Rhythm,Dr. Okafor,https://upload.wikimedia.org/wikipedia/commons/thumb/6/6c/E000754_%28CardioNetworks_ECGpedia%29.jpg/500px-E000754_%28CardioNetworks_ECGpedia%29.jpg
ECG-400238,Amanda Taylor,Resting ECG,2024-12-17,Normal Sinus Rhythm,Dr. Fischer,https://upload.wikimedia.org/wikipedia/commons/thumb/6/6c/E000754_%28CardioNetworks_ECGpedia%29.jpg/500px-E000754_%28CardioNetworks_ECGpedia%29.jpg
ECG-400238,Amanda Taylor,Resting ECG,2025-05-27,Normal — LVEF 58%,Dr. Abrams,https://upload.wikimedia.org/wikipedia/commons/thumb/7/72/E333_%28CardioNetworks_ECGpedia%29.jpg/500px-E333_%28CardioNetworks_ECGpedia%29.jpg
ECG-400239,Andrew Scott,Resting ECG,2024-12-29,Normal Sinus Rhythm — LVEF 52%,Dr. Whitfield,https://upload.wikimedia.org/wikipedia/commons/thumb/6/6c/E000754_%28CardioNetworks_ECGpedia%29.jpg/500px-E000754_%28CardioNetworks_ECGpedia%29.jpg
ECG-400241,Donna Wright,Resting ECG,2025-07-23,Normal Sinus Rhythm,Dr. Reynolds,https://upload.wikimedia.org/wikipedia/commons/thumb/6/6c/E000754_%28CardioNetworks_ECGpedia%29.jpg/500px-E000754_%28CardioNetworks_ECGpedia%29.jpg
ECG-400242,Joshua Martinez,Resting ECG,2025-07-09,Normal Sinus Rhythm,Dr. Reynolds,https://upload.wikimedia.org/wikipedia/commons/thumb/7/72/E333_%28CardioNetworks_ECGpedia%29.jpg/500px-E333_%28CardioNetworks_ECGpedia%29.jpg
ECG-400242,Joshua Martinez,Resting ECG,2025-12-03,Normal Sinus Rhythm — LVEF preserved,Dr. Fischer,https://upload.wikimedia.org/wikipedia/commons/thumb/6/6c/E000754_%28CardioNetworks_ECGpedia%29.jpg/500px-E000754_%28CardioNetworks_ECGpedia%29.jpg
ECG-400245,Emily Johnson,Resting ECG,2024-06-16,Normal Sinus Rhythm,Dr. Montgomery,https://upload.wikimedia.org/wikipedia/commons/thumb/7/72/E333_%28CardioNetworks_ECGpedia%29.jpg/500px-E333_%28CardioNetworks_ECGpedia%29.jpg
ECG-400246,Mark Taylor,Resting ECG,2025-03-11,Normal Sinus Rhythm,Dr. Kapoor,https://upload.wikimedia.org/wikipedia/commons/thumb/7/72/E333_%28CardioNetworks_ECGpedia%29.jpg/500px-E333_%28CardioNetworks_ECGpedia%29.jpg
ECG-400247,Michelle Martin,Resting ECG,2025-06-11,Normal Sinus Rhythm,Dr. Hernandez,https://upload.wikimedia.org/wikipedia/commons/thumb/6/6c/E000754_%28CardioNetworks_ECGpedia%29.jpg/500px-E000754_%28CardioNetworks_ECGpedia%29.jpg
ECG-400248,Timothy Johnson,Resting ECG,2024-12-29,Normal Sinus Rhythm,Dr. Abrams,https://upload.wikimedia.org/wikipedia/commons/thumb/7/72/E333_%28CardioNetworks_ECGpedia%29.jpg/500px-E333_%28CardioNetworks_ECGpedia%29.jpg
ECG-400249,David Miller,Resting ECG,2025-04-13,Normal Sinus Rhythm,Dr. Montgomery,https://upload.wikimedia.org/wikipedia/commons/thumb/6/6c/E000754_%28CardioNetworks_ECGpedia%29.jpg/500px-E000754_%28CardioNetworks_ECGpedia%29.jpg
ECG-400250,David Hall,Resting ECG,2025-02-27,Normal Sinus Rhythm,Dr. Nakamura,https://upload.wikimedia.org/wikipedia/commons/thumb/6/6c/E000754_%28CardioNetworks_ECGpedia%29.jpg/500px-E000754_%28CardioNetworks_ECGpedia%29.jpg
ECG-400251,Jennifer Walker,Resting ECG,2025-03-17,Normal Sinus Rhythm,Dr. Fischer,https://upload.wikimedia.org/wikipedia/commons/thumb/7/72/E333_%28CardioNetworks_ECGpedia%29.jpg/500px-E333_%28CardioNetworks_ECGpedia%29.jpg
ECG-400251,Jennifer Walker,Resting ECG,2025-08-11,Normal Sinus Rhythm — LVEF preserved,Dr. Okafor,https://upload.wikimedia.org/wikipedia/commons/thumb/6/6c/E000754_%28CardioNetworks_ECGpedia%29.jpg/500px-E000754_%28CardioNetworks_ECGpedia%29.jpg
ECG-400252,Kimberly Rodriguez,Resting ECG,2025-01-29,Normal Sinus Rhythm,Dr. Patel,https://upload.wikimedia.org/wikipedia/commons/thumb/7/72/E333_%28CardioNetworks_ECGpedia%29.jpg/500px-E333_%28CardioNetworks_ECGpedia%29.jpg
ECG-400253,Barbara King,Resting ECG,2024-12-18,Normal Sinus Rhythm,Dr. Fischer,https://upload.wikimedia.org/wikipedia/commons/thumb/6/6c/E000754_%28CardioNetworks_ECGpedia%29.jpg/500px-E000754_%28CardioNetworks_ECGpedia%29.jpg
ECG-400254,Anthony Williams,Resting ECG,2025-03-17,Sinus tachycardia — HR 105,Dr. Fischer,https://upload.wikimedia.org/wikipedia/commons/thumb/7/72/E333_%28CardioNetworks_ECGpedia%29.jpg/500px-E333_%28CardioNetworks_ECGpedia%29.jpg
ECG-400254,Anthony Williams,Resting ECG,2025-05-12,Normal Sinus Rhythm,Dr. Sullivan,https://upload.wikimedia.org/wikipedia/commons/thumb/7/72/E333_%28CardioNetworks_ECGpedia%29.jpg/500px-E333_%28CardioNetworks_ECGpedia%29.jpg
ECG-400255,Steven Miller,Resting ECG,2024-07-09,Normal Sinus Rhythm,Dr. Patel,https://upload.wikimedia.org/wikipedia/commons/thumb/6/6c/E000754_%28CardioNetworks_ECGpedia%29.jpg/500px-E000754_%28CardioNetworks_ECGpedia%29.jpg
ECG-400256,Anthony Taylor,Resting ECG,2025-06-28,Normal Sinus Rhythm,Dr. Reynolds,https://upload.wikimedia.org/wikipedia/commons/thumb/7/72/E333_%28CardioNetworks_ECGpedia%29.jpg/500px-E333_%28CardioNetworks_ECGpedia%29.jpg
ECG-400257,Steven Allen,Resting ECG,2024-12-14,Sinus tachycardia — HR 105,Dr. Hernandez,https://upload.wikimedia.org/wikipedia/commons/thumb/7/72/E333_%28CardioNetworks_ECGpedia%29.jpg/500px-E333_%28CardioNetworks_ECGpedia%29.jpg
ECG-400257,Steven Allen,Resting ECG,2025-02-08,Normal Sinus Rhythm,Dr. Kim,https://upload.wikimedia.org/wikipedia/commons/thumb/6/6c/E000754_%28CardioNetworks_ECGpedia%29.jpg/500px-E000754_%28CardioNetworks_ECGpedia%29.jpg
ECG-400258,Elizabeth Brown,Resting ECG,2025-04-06,Sinus tachycardia — HR 105,Dr. Kim,https://upload.wikimedia.org/wikipedia/commons/thumb/6/6c/E000754_%28CardioNetworks_ECGpedia%29.jpg/500px-E000754_%28CardioNetworks_ECGpedia%29.jpg
ECG-400258,Elizabeth Brown,Resting ECG,2025-06-01,Normal Sinus Rhythm,Dr. Patel,https://upload.wikimedia.org/wikipedia/commons/thumb/7/72/E333_%28CardioNetworks_ECGpedia%29.jpg/500px-E333_%28CardioNetworks_ECGpedia%29.jpg
ECG-400259,Paul Martin,Resting ECG,2024-12-10,Normal Sinus Rhythm — LVEF 52%,Dr. Patel,https://upload.wikimedia.org/wikipedia/commons/thumb/7/72/E333_%28CardioNetworks_ECGpedia%29.jpg/500px-E333_%28CardioNetworks_ECGpedia%29.jpg
ECG-400260,Andrew Davis,Resting ECG,2024-12-19,Normal Sinus Rhythm,Dr. Montgomery,https://upload.wikimedia.org/wikipedia/commons/thumb/6/6c/E000754_%28CardioNetworks_ECGpedia%29.jpg/500px-E000754_%28CardioNetworks_ECGpedia%29.jpg
ECG-400261,Susan Williams,Resting ECG,2025-06-25,Sinus tachycardia — HR 105,Dr. Montgomery,https://upload.wikimedia.org/wikipedia/commons/thumb/7/72/E333_%28CardioNetworks_ECGpedia%29.jpg/500px-E333_%28CardioNetworks_ECGpedia%29.jpg
ECG-400261,Susan Williams,Resting ECG,2025-08-20,Normal Sinus Rhythm,Dr. Nakamura,https://upload.wikimedia.org/wikipedia/commons/thumb/6/6c/E000754_%28CardioNetworks_ECGpedia%29.jpg/500px-E000754_%28CardioNetworks_ECGpedia%29.jpg
ECG-400262,Anthony Jackson,Resting ECG,2024-12-26,Normal Sinus Rhythm — LVEF 52%,Dr. Nakamura,https://upload.wikimedia.org/wikipedia/commons/thumb/6/6c/E000754_%28CardioNetworks_ECGpedia%29.jpg/500px-E000754_%28CardioNetworks_ECGpedia%29.jpg
ECG-400263,Melissa Williams,Resting ECG,2024-06-14,Normal Sinus Rhythm,Dr. Kapoor,https://upload.wikimedia.org/wikipedia/commons/thumb/6/6c/E000754_%28CardioNetworks_ECGpedia%29.jpg/500px-E000754_%28CardioNetworks_ECGpedia%29.jpg
ECG-400264,Jason Davis,Resting ECG,2024-09-02,Normal Sinus Rhythm,Dr. Kim,https://upload.wikimedia.org/wikipedia/commons/thumb/7/72/E333_%28CardioNetworks_ECGpedia%29.jpg/500px-E333_%28CardioNetworks_ECGpedia%29.jpg
ECG-400265,Michelle Jones,Resting ECG,2025-01-09,Normal Sinus Rhythm,Dr. Abrams,https://upload.wikimedia.org/wikipedia/commons/thumb/6/6c/E000754_%28CardioNetworks_ECGpedia%29.jpg/500px-E000754_%28CardioNetworks_ECGpedia%29.jpg
ECG-400265,Michelle Jones,Resting ECG,2025-06-19,Normal — LVEF 58%,Dr. Patel,https://upload.wikimedia.org/wikipedia/commons/thumb/6/6c/E000754_%28CardioNetworks_ECGpedia%29.jpg/500px-E000754_%28CardioNetworks_ECGpedia%29.jpg
ECG-400266,Betty Davis,Resting ECG,2025-02-18,Normal Sinus Rhythm,Dr. Okafor,https://upload.wikimedia.org/wikipedia/commons/thumb/6/6c/E000754_%28CardioNetworks_ECGpedia%29.jpg/500px-E000754_%28CardioNetworks_ECGpedia%29.jpg
ECG-400267,George Taylor,Resting ECG,2025-01-07,Sinus tachycardia — HR 105,Dr. Whitfield,https://upload.wikimedia.org/wikipedia/commons/thumb/6/6c/E000754_%28CardioNetworks_ECGpedia%29.jpg/500px-E000754_%28CardioNetworks_ECGpedia%29.jpg
ECG-400267,George Taylor,Resting ECG,2025-03-04,Normal Sinus Rhythm,Dr. Patel,https://upload.wikimedia.org/wikipedia/commons/thumb/7/72/E333_%28CardioNetworks_ECGpedia%29.jpg/500px-E333_%28CardioNetworks_ECGpedia%29.jpg
ECG-400268,Lisa Lee,Resting ECG,2024-10-28,Sinus tachycardia — HR 105,Dr. Fischer,https://upload.wikimedia.org/wikipedia/commons/thumb/7/72/E333_%28CardioNetworks_ECGpedia%29.jpg/500px-E333_%28CardioNetworks_ECGpedia%29.jpg
ECG-400268,Lisa Lee,Resting ECG,2024-12-23,Normal Sinus Rhythm,Dr. Montgomery,https://upload.wikimedia.org/wikipedia/commons/thumb/6/6c/E000754_%28CardioNetworks_ECGpedia%29.jpg/500px-E000754_%28CardioNetworks_ECGpedia%29.jpg
ECG-400269,Donna Rodriguez,Resting ECG,2025-04-28,Normal Sinus Rhythm,Dr. Kapoor,https://upload.wikimedia.org/wikipedia/commons/thumb/6/6c/E000754_%28CardioNetworks_ECGpedia%29.jpg/500px-E000754_%28CardioNetworks_ECGpedia%29.jpg
ECG-400272,Melissa Johnson,Resting ECG,2024-08-16,Normal Sinus Rhythm,Dr. Kapoor,https://upload.wikimedia.org/wikipedia/commons/thumb/6/6c/E000754_%28CardioNetworks_ECGpedia%29.jpg/500px-E000754_%28CardioNetworks_ECGpedia%29.jpg
ECG-400272,Melissa Johnson,Resting ECG,2025-01-10,Normal Sinus Rhythm — LVEF preserved,Dr. Kim,https://upload.wikimedia.org/wikipedia/commons/thumb/6/6c/E000754_%28CardioNetworks_ECGpedia%29.jpg/500px-E000754_%28CardioNetworks_ECGpedia%29.jpg
ECG-400273,George Taylor,Resting ECG,2024-11-01,Normal Sinus Rhythm,Dr. Reynolds,https://upload.wikimedia.org/wikipedia/commons/thumb/6/6c/E000754_%28CardioNetworks_ECGpedia%29.jpg/500px-E000754_%28CardioNetworks_ECGpedia%29.jpg
ECG-400273,George Taylor,Resting ECG,2025-03-28,Normal Sinus Rhythm — LVEF preserved,Dr. Reynolds,https://upload.wikimedia.org/wikipedia/commons/thumb/7/72/E333_%28CardioNetworks_ECGpedia%29.jpg/500px-E333_%28CardioNetworks_ECGpedia%29.jpg
ECG-400274,Donna Martin,Resting ECG,2024-06-13,Sinus tachycardia — HR 105,Dr. Hernandez,https://upload.wikimedia.org/wikipedia/commons/thumb/7/72/E333_%28CardioNetworks_ECGpedia%29.jpg/500px-E333_%28CardioNetworks_ECGpedia%29.jpg
ECG-400274,Donna Martin,Resting ECG,2024-08-08,Normal Sinus Rhythm,Dr. Nguyen,https://upload.wikimedia.org/wikipedia/commons/thumb/7/72/E333_%28CardioNetworks_ECGpedia%29.jpg/500px-E333_%28CardioNetworks_ECGpedia%29.jpg
ECG-400275,Barbara Brown,Resting ECG,2025-01-20,Sinus tachycardia — HR 105,Dr. Sullivan,https://upload.wikimedia.org/wikipedia/commons/thumb/7/72/E333_%28CardioNetworks_ECGpedia%29.jpg/500px-E333_%28CardioNetworks_ECGpedia%29.jpg
ECG-400275,Barbara Brown,Resting ECG,2025-03-17,Normal Sinus Rhythm,Dr. Abrams,https://upload.wikimedia.org/wikipedia/commons/thumb/7/72/E333_%28CardioNetworks_ECGpedia%29.jpg/500px-E333_%28CardioNetworks_ECGpedia%29.jpg
ECG-400277,David Taylor,Resting ECG,2025-03-20,Normal Sinus Rhythm,Dr. Whitfield,https://upload.wikimedia.org/wikipedia/commons/thumb/7/72/E333_%28CardioNetworks_ECGpedia%29.jpg/500px-E333_%28CardioNetworks_ECGpedia%29.jpg
ECG-400278,Carol Davis,Resting ECG,2025-05-01,Normal Sinus Rhythm,Dr. Abrams,https://upload.wikimedia.org/wikipedia/commons/thumb/6/6c/E000754_%28CardioNetworks_ECGpedia%29.jpg/500px-E000754_%28CardioNetworks_ECGpedia%29.jpg
ECG-400279,Brian Allen,Resting ECG,2024-10-12,Normal Sinus Rhythm,Dr. Sullivan,https://upload.wikimedia.org/wikipedia/commons/thumb/6/6c/E000754_%28CardioNetworks_ECGpedia%29.jpg/500px-E000754_%28CardioNetworks_ECGpedia%29.jpg
ECG-400280,Kenneth Taylor,Resting ECG,2025-05-17,Normal Sinus Rhythm,Dr. Patel,https://upload.wikimedia.org/wikipedia/commons/thumb/7/72/E333_%28CardioNetworks_ECGpedia%29.jpg/500px-E333_%28CardioNetworks_ECGpedia%29.jpg
ECG-400280,Kenneth Taylor,Resting ECG,2025-10-25,Normal — LVEF 58%,Dr. Kapoor,https://upload.wikimedia.org/wikipedia/commons/thumb/6/6c/E000754_%28CardioNetworks_ECGpedia%29.jpg/500px-E000754_%28CardioNetworks_ECGpedia%29.jpg
ECG-400281,Susan Thomas,Resting ECG,2025-05-18,Normal Sinus Rhythm,Dr. Whitfield,https://upload.wikimedia.org/wikipedia/commons/thumb/7/72/E333_%28CardioNetworks_ECGpedia%29.jpg/500px-E333_%28CardioNetworks_ECGpedia%29.jpg
ECG-400282,Susan Davis,Resting ECG,2025-05-22,Sinus tachycardia — HR 105,Dr. Patel,https://upload.wikimedia.org/wikipedia/commons/thumb/7/72/E333_%28CardioNetworks_ECGpedia%29.jpg/500px-E333_%28CardioNetworks_ECGpedia%29.jpg
ECG-400282,Susan Davis,Resting ECG,2025-07-17,Normal Sinus Rhythm,Dr. Abrams,https://upload.wikimedia.org/wikipedia/commons/thumb/7/72/E333_%28CardioNetworks_ECGpedia%29.jpg/500px-E333_%28CardioNetworks_ECGpedia%29.jpg
ECG-400283,George Jackson,Resting ECG,2025-05-22,Normal Sinus Rhythm — LVEF 52%,Dr. Nakamura,https://upload.wikimedia.org/wikipedia/commons/thumb/7/72/E333_%28CardioNetworks_ECGpedia%29.jpg/500px-E333_%28CardioNetworks_ECGpedia%29.jpg
ECG-400284,Jessica Garcia,Resting ECG,2024-12-01,Normal Sinus Rhythm,Dr. Reynolds,https://upload.wikimedia.org/wikipedia/commons/thumb/7/72/E333_%28CardioNetworks_ECGpedia%29.jpg/500px-E333_%28CardioNetworks_ECGpedia%29.jpg
ECG-400285,George Hall,Resting ECG,2025-05-24,Normal Sinus Rhythm,Dr. Hernandez,https://upload.wikimedia.org/wikipedia/commons/thumb/6/6c/E000754_%28CardioNetworks_ECGpedia%29.jpg/500px-E000754_%28CardioNetworks_ECGpedia%29.jpg
ECG-400286,Margaret Williams,Resting ECG,2024-06-24,Normal Sinus Rhythm,Dr. Okafor,https://upload.wikimedia.org/wikipedia/commons/thumb/7/72/E333_%28CardioNetworks_ECGpedia%29.jpg/500px-E333_%28CardioNetworks_ECGpedia%29.jpg
ECG-400286,Margaret Williams,Resting ECG,2024-12-02,Normal — LVEF 58%,Dr. Hernandez,https://upload.wikimedia.org/wikipedia/commons/thumb/6/6c/E000754_%28CardioNetworks_ECGpedia%29.jpg/500px-E000754_%28CardioNetworks_ECGpedia%29.jpg
ECG-400287,Margaret Martin,Resting ECG,2024-07-28,Normal Sinus Rhythm — LVEF 52%,Dr. Okafor,https://upload.wikimedia.org/wikipedia/commons/thumb/6/6c/E000754_%28CardioNetworks_ECGpedia%29.jpg/500px-E000754_%28CardioNetworks_ECGpedia%29.jpg
ECG-400288,Melissa Johnson,Resting ECG,2024-07-30,Normal Sinus Rhythm,Dr. Kapoor,https://upload.wikimedia.org/wikipedia/commons/thumb/6/6c/E000754_%28CardioNetworks_ECGpedia%29.jpg/500px-E000754_%28CardioNetworks_ECGpedia%29.jpg
ECG-400289,Brian Rodriguez,Resting ECG,2025-07-24,Normal Sinus Rhythm,Dr. Nakamura,https://upload.wikimedia.org/wikipedia/commons/thumb/6/6c/E000754_%28CardioNetworks_ECGpedia%29.jpg/500px-E000754_%28CardioNetworks_ECGpedia%29.jpg
ECG-400289,Brian Rodriguez,Resting ECG,2025-12-18,Normal Sinus Rhythm — LVEF preserved,Dr. Patel,https://upload.wikimedia.org/wikipedia/commons/thumb/7/72/E333_%28CardioNetworks_ECGpedia%29.jpg/500px-E333_%28CardioNetworks_ECGpedia%29.jpg
ECG-400290,Margaret Young,Resting ECG,2025-03-19,Normal Sinus Rhythm,Dr. Patel,https://upload.wikimedia.org/wikipedia/commons/thumb/7/72/E333_%28CardioNetworks_ECGpedia%29.jpg/500px-E333_%28CardioNetworks_ECGpedia%29.jpg
ECG-400291,Joshua Scott,Resting ECG,2025-02-26,Normal Sinus Rhythm,Dr. Fischer,https://upload.wikimedia.org/wikipedia/commons/thumb/7/72/E333_%28CardioNetworks_ECGpedia%29.jpg/500px-E333_%28CardioNetworks_ECGpedia%29.jpg
ECG-400291,Joshua Scott,Resting ECG,2025-08-06,Normal — LVEF 58%,Dr. Patel,https://upload.wikimedia.org/wikipedia/commons/thumb/7/72/E333_%28CardioNetworks_ECGpedia%29.jpg/500px-E333_%28CardioNetworks_ECGpedia%29.jpg
ECG-400292,Paul King,Resting ECG,2025-06-07,Normal Sinus Rhythm,Dr. Hernandez,https://upload.wikimedia.org/wikipedia/commons/thumb/7/72/E333_%28CardioNetworks_ECGpedia%29.jpg/500px-E333_%28CardioNetworks_ECGpedia%29.jpg
ECG-400293,Jessica Allen,Resting ECG,2025-01-25,Normal Sinus Rhythm,Dr. Kapoor,https://upload.wikimedia.org/wikipedia/commons/thumb/7/72/E333_%28CardioNetworks_ECGpedia%29.jpg/500px-E333_%28CardioNetworks_ECGpedia%29.jpg
ECG-400294,Kimberly Martin,Resting ECG,2025-07-02,Normal Sinus Rhythm,Dr. Reynolds,https://upload.wikimedia.org/wikipedia/commons/thumb/7/72/E333_%28CardioNetworks_ECGpedia%29.jpg/500px-E333_%28CardioNetworks_ECGpedia%29.jpg
ECG-400295,Barbara Hall,Resting ECG,2025-03-09,Normal Sinus Rhythm,Dr. Sullivan,https://upload.wikimedia.org/wikipedia/commons/thumb/6/6c/E000754_%28CardioNetworks_ECGpedia%29.jpg/500px-E000754_%28CardioNetworks_ECGpedia%29.jpg
ECG-400296,Melissa Allen,Resting ECG,2025-05-16,Sinus tachycardia — HR 105,Dr. Zhao,https://upload.wikimedia.org/wikipedia/commons/thumb/7/72/E333_%28CardioNetworks_ECGpedia%29.jpg/500px-E333_%28CardioNetworks_ECGpedia%29.jpg
ECG-400296,Melissa Allen,Resting ECG,2025-07-11,Normal Sinus Rhythm,Dr. Hernandez,https://upload.wikimedia.org/wikipedia/commons/thumb/6/6c/E000754_%28CardioNetworks_ECGpedia%29.jpg/500px-E000754_%28CardioNetworks_ECGpedia%29.jpg
ECG-400298,Margaret Rodriguez,Resting ECG,2024-07-20,Normal Sinus Rhythm,Dr. Reynolds,https://upload.wikimedia.org/wikipedia/commons/thumb/6/6c/E000754_%28CardioNetworks_ECGpedia%29.jpg/500px-E000754_%28CardioNetworks_ECGpedia%29.jpg
ECG-400298,Margaret Rodriguez,Resting ECG,2024-12-28,Normal — LVEF 58%,Dr. Nguyen,https://upload.wikimedia.org/wikipedia/commons/thumb/6/6c/E000754_%28CardioNetworks_ECGpedia%29.jpg/500px-E000754_%28CardioNetworks_ECGpedia%29.jpg
ECG-400299,Sandra Green,Resting ECG,2025-06-17,Normal Sinus Rhythm,Dr. Hernandez,https://upload.wikimedia.org/wikipedia/commons/thumb/7/72/E333_%28CardioNetworks_ECGpedia%29.jpg/500px-E333_%28CardioNetworks_ECGpedia%29.jpg
ECG-400299,Sandra Green,Resting ECG,2025-11-11,Normal Sinus Rhythm — LVEF preserved,Dr. Sullivan,https://upload.wikimedia.org/wikipedia/commons/thumb/7/72/E333_%28CardioNetworks_ECGpedia%29.jpg/500px-E333_%28CardioNetworks_ECGpedia%29.jpg
ECG-400301,Jessica Lee,Resting ECG,2025-07-01,Normal Sinus Rhythm,Dr. Patel,https://upload.wikimedia.org/wikipedia/commons/thumb/7/72/E333_%28CardioNetworks_ECGpedia%29.jpg/500px-E333_%28CardioNetworks_ECGpedia%29.jpg
ECG-400301,Jessica Lee,Resting ECG,2025-11-25,Normal Sinus Rhythm — LVEF preserved,Dr. Zhao,https://upload.wikimedia.org/wikipedia/commons/thumb/6/6c/E000754_%28CardioNetworks_ECGpedia%29.jpg/500px-E000754_%28CardioNetworks_ECGpedia%29.jpg
ECG-400302,Sandra Jones,Resting ECG,2024-07-13,Normal Sinus Rhythm,Dr. Zhao,https://upload.wikimedia.org/wikipedia/commons/thumb/6/6c/E000754_%28CardioNetworks_ECGpedia%29.jpg/500px-E000754_%28CardioNetworks_ECGpedia%29.jpg
ECG-400303,Kimberly Green,Resting ECG,2025-01-04,Normal Sinus Rhythm,Dr. Patel,https://upload.wikimedia.org/wikipedia/commons/thumb/7/72/E333_%28CardioNetworks_ECGpedia%29.jpg/500px-E333_%28CardioNetworks_ECGpedia%29.jpg
ECG-400304,Matthew Brown,Resting ECG,2024-11-16,Normal Sinus Rhythm,Dr. Barnes,https://upload.wikimedia.org/wikipedia/commons/thumb/6/6c/E000754_%28CardioNetworks_ECGpedia%29.jpg/500px-E000754_%28CardioNetworks_ECGpedia%29.jpg
ECG-400305,Steven Hall,Resting ECG,2025-07-11,Normal Sinus Rhythm,Dr. Abrams,https://upload.wikimedia.org/wikipedia/commons/thumb/6/6c/E000754_%28CardioNetworks_ECGpedia%29.jpg/500px-E000754_%28CardioNetworks_ECGpedia%29.jpg
ECG-400305,Steven Hall,Resting ECG,2025-12-19,Normal — LVEF 58%,Dr. Barnes,https://upload.wikimedia.org/wikipedia/commons/thumb/6/6c/E000754_%28CardioNetworks_ECGpedia%29.jpg/500px-E000754_%28CardioNetworks_ECGpedia%29.jpg
ECG-400306,George Martinez,Resting ECG,2024-08-04,Normal Sinus Rhythm,Dr. Nakamura,https://upload.wikimedia.org/wikipedia/commons/thumb/6/6c/E000754_%28CardioNetworks_ECGpedia%29.jpg/500px-E000754_%28CardioNetworks_ECGpedia%29.jpg
ECG-400307,Kenneth Taylor,Resting ECG,2024-12-12,Normal Sinus Rhythm,Dr. Zhao,https://upload.wikimedia.org/wikipedia/commons/thumb/6/6c/E000754_%28CardioNetworks_ECGpedia%29.jpg/500px-E000754_%28CardioNetworks_ECGpedia%29.jpg
ECG-400308,David Allen,Resting ECG,2024-07-19,Normal Sinus Rhythm,Dr. Kapoor,https://upload.wikimedia.org/wikipedia/commons/thumb/6/6c/E000754_%28CardioNetworks_ECGpedia%29.jpg/500px-E000754_%28CardioNetworks_ECGpedia%29.jpg
ECG-400309,Amanda Jackson,Resting ECG,2025-03-03,Normal Sinus Rhythm — LVEF 52%,Dr. Fischer,https://upload.wikimedia.org/wikipedia/commons/thumb/6/6c/E000754_%28CardioNetworks_ECGpedia%29.jpg/500px-E000754_%28CardioNetworks_ECGpedia%29.jpg
ECG-400310,Andrew Williams,Resting ECG,2024-11-15,Normal Sinus Rhythm — LVEF 52%,Dr. Patel,https://upload.wikimedia.org/wikipedia/commons/thumb/7/72/E333_%28CardioNetworks_ECGpedia%29.jpg/500px-E333_%28CardioNetworks_ECGpedia%29.jpg
ECG-400311,Nancy Johnson,Resting ECG,2025-02-09,Normal Sinus Rhythm,Dr. Nakamura,https://upload.wikimedia.org/wikipedia/commons/thumb/7/72/E333_%28CardioNetworks_ECGpedia%29.jpg/500px-E333_%28CardioNetworks_ECGpedia%29.jpg
ECG-400311,Nancy Johnson,Resting ECG,2025-07-06,Normal Sinus Rhythm — LVEF preserved,Dr. Kapoor,https://upload.wikimedia.org/wikipedia/commons/thumb/7/72/E333_%28CardioNetworks_ECGpedia%29.jpg/500px-E333_%28CardioNetworks_ECGpedia%29.jpg
ECG-400313,Jessica Green,Resting ECG,2025-01-06,Sinus tachycardia — HR 105,Dr. Whitfield,https://upload.wikimedia.org/wikipedia/commons/thumb/7/72/E333_%28CardioNetworks_ECGpedia%29.jpg/500px-E333_%28CardioNetworks_ECGpedia%29.jpg
ECG-400313,Jessica Green,Resting ECG,2025-03-03,Normal Sinus Rhythm,Dr. Zhao,https://upload.wikimedia.org/wikipedia/commons/thumb/6/6c/E000754_%28CardioNetworks_ECGpedia%29.jpg/500px-E000754_%28CardioNetworks_ECGpedia%29.jpg
ECG-400315,Susan Allen,Resting ECG,2024-06-02,Normal Sinus Rhythm — LVEF 52%,Dr. Nguyen,https://upload.wikimedia.org/wikipedia/commons/thumb/6/6c/E000754_%28CardioNetworks_ECGpedia%29.jpg/500px-E000754_%28CardioNetworks_ECGpedia%29.jpg
ECG-400316,Ronald Thomas,Resting ECG,2025-03-11,Normal Sinus Rhythm,Dr. Sullivan,https://upload.wikimedia.org/wikipedia/commons/thumb/6/6c/E000754_%28CardioNetworks_ECGpedia%29.jpg/500px-E000754_%28CardioNetworks_ECGpedia%29.jpg
ECG-400317,Nancy Jackson,Resting ECG,2024-08-01,Sinus tachycardia — HR 105,Dr. Barnes,https://upload.wikimedia.org/wikipedia/commons/thumb/7/72/E333_%28CardioNetworks_ECGpedia%29.jpg/500px-E333_%28CardioNetworks_ECGpedia%29.jpg
ECG-400317,Nancy Jackson,Resting ECG,2024-09-26,Normal Sinus Rhythm,Dr. Patel,https://upload.wikimedia.org/wikipedia/commons/thumb/7/72/E333_%28CardioNetworks_ECGpedia%29.jpg/500px-E333_%28CardioNetworks_ECGpedia%29.jpg
ECG-400318,Timothy Johnson,Resting ECG,2025-07-09,Normal Sinus Rhythm,Dr. Nakamura,https://upload.wikimedia.org/wikipedia/commons/thumb/6/6c/E000754_%28CardioNetworks_ECGpedia%29.jpg/500px-E000754_%28CardioNetworks_ECGpedia%29.jpg
ECG-400318,Timothy Johnson,Resting ECG,2025-12-17,Normal — LVEF 58%,Dr. Barnes,https://upload.wikimedia.org/wikipedia/commons/thumb/7/72/E333_%28CardioNetworks_ECGpedia%29.jpg/500px-E333_%28CardioNetworks_ECGpedia%29.jpg
ECG-400319,Jennifer Thomas,Resting ECG,2025-06-21,Normal Sinus Rhythm,Dr. Fischer,https://upload.wikimedia.org/wikipedia/commons/thumb/6/6c/E000754_%28CardioNetworks_ECGpedia%29.jpg/500px-E000754_%28CardioNetworks_ECGpedia%29.jpg
ECG-400319,Jennifer Thomas,Resting ECG,2025-11-29,Normal — LVEF 58%,Dr. Montgomery,https://upload.wikimedia.org/wikipedia/commons/thumb/6/6c/E000754_%28CardioNetworks_ECGpedia%29.jpg/500px-E000754_%28CardioNetworks_ECGpedia%29.jpg
ECG-400320,Michelle Miller,Resting ECG,2024-12-27,Normal Sinus Rhythm,Dr. Reynolds,https://upload.wikimedia.org/wikipedia/commons/thumb/6/6c/E000754_%28CardioNetworks_ECGpedia%29.jpg/500px-E000754_%28CardioNetworks_ECGpedia%29.jpg
ECG-400321,Jennifer Taylor,Resting ECG,2024-07-31,Normal Sinus Rhythm,Dr. Sullivan,https://upload.wikimedia.org/wikipedia/commons/thumb/6/6c/E000754_%28CardioNetworks_ECGpedia%29.jpg/500px-E000754_%28CardioNetworks_ECGpedia%29.jpg
ECG-400321,Jennifer Taylor,Resting ECG,2025-01-08,Normal — LVEF 58%,Dr. Kim,https://upload.wikimedia.org/wikipedia/commons/thumb/6/6c/E000754_%28CardioNetworks_ECGpedia%29.jpg/500px-E000754_%28CardioNetworks_ECGpedia%29.jpg
ECG-400322,Elizabeth Jones,Resting ECG,2025-03-22,Normal Sinus Rhythm,Dr. Montgomery,https://upload.wikimedia.org/wikipedia/commons/thumb/6/6c/E000754_%28CardioNetworks_ECGpedia%29.jpg/500px-E000754_%28CardioNetworks_ECGpedia%29.jpg
ECG-400323,Daniel Walker,Resting ECG,2025-04-21,Normal Sinus Rhythm,Dr. Abrams,https://upload.wikimedia.org/wikipedia/commons/thumb/7/72/E333_%28CardioNetworks_ECGpedia%29.jpg/500px-E333_%28CardioNetworks_ECGpedia%29.jpg
ECG-400323,Daniel Walker,Resting ECG,2025-09-15,Normal Sinus Rhythm — LVEF preserved,Dr. Sullivan,https://upload.wikimedia.org/wikipedia/commons/thumb/7/72/E333_%28CardioNetworks_ECGpedia%29.jpg/500px-E333_%28CardioNetworks_ECGpedia%29.jpg
ECG-400324,Andrew Rodriguez,Resting ECG,2024-11-10,Sinus tachycardia — HR 105,Dr. Zhao,https://upload.wikimedia.org/wikipedia/commons/thumb/6/6c/E000754_%28CardioNetworks_ECGpedia%29.jpg/500px-E000754_%28CardioNetworks_ECGpedia%29.jpg
ECG-400324,Andrew Rodriguez,Resting ECG,2025-01-05,Normal Sinus Rhythm,Dr. Reynolds,https://upload.wikimedia.org/wikipedia/commons/thumb/7/72/E333_%28CardioNetworks_ECGpedia%29.jpg/500px-E333_%28CardioNetworks_ECGpedia%29.jpg
ECG-400325,Mark Jones,Resting ECG,2024-09-14,Normal Sinus Rhythm,Dr. Patel,https://upload.wikimedia.org/wikipedia/commons/thumb/6/6c/E000754_%28CardioNetworks_ECGpedia%29.jpg/500px-E000754_%28CardioNetworks_ECGpedia%29.jpg
ECG-400325,Mark Jones,Resting ECG,2025-02-08,Normal Sinus Rhythm — LVEF preserved,Dr. Nguyen,https://upload.wikimedia.org/wikipedia/commons/thumb/6/6c/E000754_%28CardioNetworks_ECGpedia%29.jpg/500px-E000754_%28CardioNetworks_ECGpedia%29.jpg
ECG-400326,Susan Hall,Resting ECG,2025-01-31,Normal Sinus Rhythm,Dr. Okafor,https://upload.wikimedia.org/wikipedia/commons/thumb/6/6c/E000754_%28CardioNetworks_ECGpedia%29.jpg/500px-E000754_%28CardioNetworks_ECGpedia%29.jpg
ECG-400326,Susan Hall,Resting ECG,2025-07-11,Normal — LVEF 58%,Dr. Barnes,https://upload.wikimedia.org/wikipedia/commons/thumb/7/72/E333_%28CardioNetworks_ECGpedia%29.jpg/500px-E333_%28CardioNetworks_ECGpedia%29.jpg
ECG-400327,Andrew Scott,Resting ECG,2024-08-15,Sinus tachycardia — HR 105,Dr. Nakamura,https://upload.wikimedia.org/wikipedia/commons/thumb/7/72/E333_%28CardioNetworks_ECGpedia%29.jpg/500px-E333_%28CardioNetworks_ECGpedia%29.jpg
ECG-400327,Andrew Scott,Resting ECG,2024-10-10,Normal Sinus Rhythm,Dr. Kapoor,https://upload.wikimedia.org/wikipedia/commons/thumb/6/6c/E000754_%28CardioNetworks_ECGpedia%29.jpg/500px-E000754_%28CardioNetworks_ECGpedia%29.jpg
ECG-400328,Amanda Johnson,Resting ECG,2024-12-25,Normal Sinus Rhythm,Dr. Kapoor,https://upload.wikimedia.org/wikipedia/commons/thumb/6/6c/E000754_%28CardioNetworks_ECGpedia%29.jpg/500px-E000754_%28CardioNetworks_ECGpedia%29.jpg
ECG-400329,Brian Brown,Resting ECG,2025-07-05,Normal Sinus Rhythm,Dr. Whitfield,https://upload.wikimedia.org/wikipedia/commons/thumb/6/6c/E000754_%28CardioNetworks_ECGpedia%29.jpg/500px-E000754_%28CardioNetworks_ECGpedia%29.jpg
ECG-400330,Kimberly Wright,Resting ECG,2024-07-16,Normal Sinus Rhythm,Dr. Fischer,https://upload.wikimedia.org/wikipedia/commons/thumb/7/72/E333_%28CardioNetworks_ECGpedia%29.jpg/500px-E333_%28CardioNetworks_ECGpedia%29.jpg
ECG-400330,Kimberly Wright,Resting ECG,2024-12-24,Normal — LVEF 58%,Dr. Fischer,https://upload.wikimedia.org/wikipedia/commons/thumb/7/72/E333_%28CardioNetworks_ECGpedia%29.jpg/500px-E333_%28CardioNetworks_ECGpedia%29.jpg
ECG-400332,Jennifer Moore,Resting ECG,2024-10-02,Normal Sinus Rhythm,Dr. Hernandez,https://upload.wikimedia.org/wikipedia/commons/thumb/6/6c/E000754_%28CardioNetworks_ECGpedia%29.jpg/500px-E000754_%28CardioNetworks_ECGpedia%29.jpg
ECG-400334,Paul Moore,Resting ECG,2024-10-06,Normal Sinus Rhythm — LVEF 52%,Dr. Hernandez,https://upload.wikimedia.org/wikipedia/commons/thumb/6/6c/E000754_%28CardioNetworks_ECGpedia%29.jpg/500px-E000754_%28CardioNetworks_ECGpedia%29.jpg
ECG-400335,Michelle Hall,Resting ECG,2024-11-12,Normal Sinus Rhythm — LVEF 52%,Dr. Nakamura,https://upload.wikimedia.org/wikipedia/commons/thumb/7/72/E333_%28CardioNetworks_ECGpedia%29.jpg/500px-E333_%28CardioNetworks_ECGpedia%29.jpg
ECG-400336,Joshua Young,Resting ECG,2025-01-28,Normal Sinus Rhythm,Dr. Hernandez,https://upload.wikimedia.org/wikipedia/commons/thumb/6/6c/E000754_%28CardioNetworks_ECGpedia%29.jpg/500px-E000754_%28CardioNetworks_ECGpedia%29.jpg
ECG-400337,Daniel Davis,Resting ECG,2025-06-27,Normal Sinus Rhythm,Dr. Fischer,https://upload.wikimedia.org/wikipedia/commons/thumb/6/6c/E000754_%28CardioNetworks_ECGpedia%29.jpg/500px-E000754_%28CardioNetworks_ECGpedia%29.jpg
ECG-400338,Anthony Davis,Resting ECG,2025-03-30,Sinus tachycardia — HR 105,Dr. Abrams,https://upload.wikimedia.org/wikipedia/commons/thumb/7/72/E333_%28CardioNetworks_ECGpedia%29.jpg/500px-E333_%28CardioNetworks_ECGpedia%29.jpg
ECG-400338,Anthony Davis,Resting ECG,2025-05-25,Normal Sinus Rhythm,Dr. Nguyen,https://upload.wikimedia.org/wikipedia/commons/thumb/6/6c/E000754_%28CardioNetworks_ECGpedia%29.jpg/500px-E000754_%28CardioNetworks_ECGpedia%29.jpg
ECG-400339,Ronald Hall,Resting ECG,2024-07-17,Normal Sinus Rhythm,Dr. Nakamura,https://upload.wikimedia.org/wikipedia/commons/thumb/6/6c/E000754_%28CardioNetworks_ECGpedia%29.jpg/500px-E000754_%28CardioNetworks_ECGpedia%29.jpg
ECG-400340,Timothy Lee,Resting ECG,2024-09-03,Normal Sinus Rhythm,Dr. Hernandez,https://upload.wikimedia.org/wikipedia/commons/thumb/6/6c/E000754_%28CardioNetworks_ECGpedia%29.jpg/500px-E000754_%28CardioNetworks_ECGpedia%29.jpg
ECG-400341,David Jones,Resting ECG,2024-12-04,Normal Sinus Rhythm — LVEF 52%,Dr. Sullivan,https://upload.wikimedia.org/wikipedia/commons/thumb/7/72/E333_%28CardioNetworks_ECGpedia%29.jpg/500px-E333_%28CardioNetworks_ECGpedia%29.jpg
ECG-400342,Joshua Martinez,Resting ECG,2025-05-01,Normal Sinus Rhythm,Dr. Whitfield,https://upload.wikimedia.org/wikipedia/commons/thumb/7/72/E333_%28CardioNetworks_ECGpedia%29.jpg/500px-E333_%28CardioNetworks_ECGpedia%29.jpg
ECG-400343,Nancy Wright,Resting ECG,2025-06-18,Normal Sinus Rhythm,Dr. Hernandez,https://upload.wikimedia.org/wikipedia/commons/thumb/6/6c/E000754_%28CardioNetworks_ECGpedia%29.jpg/500px-E000754_%28CardioNetworks_ECGpedia%29.jpg
ECG-400343,Nancy Wright,Resting ECG,2025-11-26,Normal — LVEF 58%,Dr. Reynolds,https://upload.wikimedia.org/wikipedia/commons/thumb/7/72/E333_%28CardioNetworks_ECGpedia%29.jpg/500px-E333_%28CardioNetworks_ECGpedia%29.jpg
ECG-400344,George Allen,Resting ECG,2025-04-10,Sinus tachycardia — HR 105,Dr. Patel,https://upload.wikimedia.org/wikipedia/commons/thumb/6/6c/E000754_%28CardioNetworks_ECGpedia%29.jpg/500px-E000754_%28CardioNetworks_ECGpedia%29.jpg
ECG-400344,George Allen,Resting ECG,2025-06-05,Normal Sinus Rhythm,Dr. Okafor,https://upload.wikimedia.org/wikipedia/commons/thumb/6/6c/E000754_%28CardioNetworks_ECGpedia%29.jpg/500px-E000754_%28CardioNetworks_ECGpedia%29.jpg
ECG-400345,Joshua Green,Resting ECG,2024-08-25,Sinus tachycardia — HR 105,Dr. Sullivan,https://upload.wikimedia.org/wikipedia/commons/thumb/7/72/E333_%28CardioNetworks_ECGpedia%29.jpg/500px-E333_%28CardioNetworks_ECGpedia%29.jpg
ECG-400345,Joshua Green,Resting ECG,2024-10-20,Normal Sinus Rhythm,Dr. Abrams,https://upload.wikimedia.org/wikipedia/commons/thumb/6/6c/E000754_%28CardioNetworks_ECGpedia%29.jpg/500px-E000754_%28CardioNetworks_ECGpedia%29.jpg
ECG-400346,Jennifer Rodriguez,Resting ECG,2024-12-18,Normal Sinus Rhythm,Dr. Okafor,https://upload.wikimedia.org/wikipedia/commons/thumb/6/6c/E000754_%28CardioNetworks_ECGpedia%29.jpg/500px-E000754_%28CardioNetworks_ECGpedia%29.jpg
ECG-400346,Jennifer Rodriguez,Resting ECG,2025-05-14,Normal Sinus Rhythm — LVEF preserved,Dr. Zhao,https://upload.wikimedia.org/wikipedia/commons/thumb/7/72/E333_%28CardioNetworks_ECGpedia%29.jpg/500px-E333_%28CardioNetworks_ECGpedia%29.jpg
ECG-400348,Nancy Garcia,Resting ECG,2024-06-18,Normal Sinus Rhythm,Dr. Nguyen,https://upload.wikimedia.org/wikipedia/commons/thumb/7/72/E333_%28CardioNetworks_ECGpedia%29.jpg/500px-E333_%28CardioNetworks_ECGpedia%29.jpg
ECG-400348,Nancy Garcia,Resting ECG,2024-11-26,Normal — LVEF 58%,Dr. Sullivan,https://upload.wikimedia.org/wikipedia/commons/thumb/7/72/E333_%28CardioNetworks_ECGpedia%29.jpg/500px-E333_%28CardioNetworks_ECGpedia%29.jpg
ECG-400349,Joshua Garcia,Resting ECG,2025-03-29,Normal Sinus Rhythm,Dr. Sullivan,https://upload.wikimedia.org/wikipedia/commons/thumb/6/6c/E000754_%28CardioNetworks_ECGpedia%29.jpg/500px-E000754_%28CardioNetworks_ECGpedia%29.jpg
ECG-400349,Joshua Garcia,Resting ECG,2025-08-23,Normal Sinus Rhythm — LVEF preserved,Dr. Fischer,https://upload.wikimedia.org/wikipedia/commons/thumb/6/6c/E000754_%28CardioNetworks_ECGpedia%29.jpg/500px-E000754_%28CardioNetworks_ECGpedia%29.jpg
ECG-400350,Edward King,Resting ECG,2024-07-05,Normal Sinus Rhythm,Dr. Sullivan,https://upload.wikimedia.org/wikipedia/commons/thumb/7/72/E333_%28CardioNetworks_ECGpedia%29.jpg/500px-E333_%28CardioNetworks_ECGpedia%29.jpg
ECG-400351,Edward Scott,Resting ECG,2024-11-07,Normal Sinus Rhythm,Dr. Barnes,https://upload.wikimedia.org/wikipedia/commons/thumb/6/6c/E000754_%28CardioNetworks_ECGpedia%29.jpg/500px-E000754_%28CardioNetworks_ECGpedia%29.jpg
ECG-400351,Edward Scott,Resting ECG,2025-04-17,Normal — LVEF 58%,Dr. Zhao,https://upload.wikimedia.org/wikipedia/commons/thumb/6/6c/E000754_%28CardioNetworks_ECGpedia%29.jpg/500px-E000754_%28CardioNetworks_ECGpedia%29.jpg
ECG-400352,Melissa Lee,Resting ECG,2025-01-05,Normal Sinus Rhythm,Dr. Kim,https://upload.wikimedia.org/wikipedia/commons/thumb/7/72/E333_%28CardioNetworks_ECGpedia%29.jpg/500px-E333_%28CardioNetworks_ECGpedia%29.jpg
ECG-400353,Daniel Smith,Resting ECG,2024-07-19,Normal Sinus Rhythm,Dr. Nguyen,https://upload.wikimedia.org/wikipedia/commons/thumb/7/72/E333_%28CardioNetworks_ECGpedia%29.jpg/500px-E333_%28CardioNetworks_ECGpedia%29.jpg
ECG-400353,Daniel Smith,Resting ECG,2024-12-27,Normal — LVEF 58%,Dr. Kim,https://upload.wikimedia.org/wikipedia/commons/thumb/6/6c/E000754_%28CardioNetworks_ECGpedia%29.jpg/500px-E000754_%28CardioNetworks_ECGpedia%29.jpg
ECG-400354,Michelle Lee,Resting ECG,2024-12-16,Normal Sinus Rhythm — LVEF 52%,Dr. Barnes,https://upload.wikimedia.org/wikipedia/commons/thumb/6/6c/E000754_%28CardioNetworks_ECGpedia%29.jpg/500px-E000754_%28CardioNetworks_ECGpedia%29.jpg
ECG-400356,Daniel Williams,Resting ECG,2025-04-08,Normal Sinus Rhythm,Dr. Reynolds,https://upload.wikimedia.org/wikipedia/commons/thumb/6/6c/E000754_%28CardioNetworks_ECGpedia%29.jpg/500px-E000754_%28CardioNetworks_ECGpedia%29.jpg
ECG-400358,Daniel Martin,Resting ECG,2024-09-01,Normal Sinus Rhythm,Dr. Barnes,https://upload.wikimedia.org/wikipedia/commons/thumb/7/72/E333_%28CardioNetworks_ECGpedia%29.jpg/500px-E333_%28CardioNetworks_ECGpedia%29.jpg
ECG-400359,Lisa King,Resting ECG,2025-06-08,Sinus tachycardia — HR 105,Dr. Whitfield,https://upload.wikimedia.org/wikipedia/commons/thumb/7/72/E333_%28CardioNetworks_ECGpedia%29.jpg/500px-E333_%28CardioNetworks_ECGpedia%29.jpg
ECG-400359,Lisa King,Resting ECG,2025-08-03,Normal Sinus Rhythm,Dr. Montgomery,https://upload.wikimedia.org/wikipedia/commons/thumb/6/6c/E000754_%28CardioNetworks_ECGpedia%29.jpg/500px-E000754_%28CardioNetworks_ECGpedia%29.jpg
ECG-400360,Melissa Moore,Resting ECG,2025-01-21,Normal Sinus Rhythm — LVEF 52%,Dr. Kim,https://upload.wikimedia.org/wikipedia/commons/thumb/7/72/E333_%28CardioNetworks_ECGpedia%29.jpg/500px-E333_%28CardioNetworks_ECGpedia%29.jpg
ECG-400361,Jessica Jones,Resting ECG,2024-08-15,Normal Sinus Rhythm,Dr. Kapoor,https://upload.wikimedia.org/wikipedia/commons/thumb/7/72/E333_%28CardioNetworks_ECGpedia%29.jpg/500px-E333_%28CardioNetworks_ECGpedia%29.jpg
ECG-400361,Jessica Jones,Resting ECG,2025-01-09,Normal Sinus Rhythm — LVEF preserved,Dr. Okafor,https://upload.wikimedia.org/wikipedia/commons/thumb/6/6c/E000754_%28CardioNetworks_ECGpedia%29.jpg/500px-E000754_%28CardioNetworks_ECGpedia%29.jpg
ECG-400363,George Johnson,Resting ECG,2024-07-24,Normal Sinus Rhythm,Dr. Hernandez,https://upload.wikimedia.org/wikipedia/commons/thumb/7/72/E333_%28CardioNetworks_ECGpedia%29.jpg/500px-E333_%28CardioNetworks_ECGpedia%29.jpg
ECG-400365,Carol Taylor,Resting ECG,2024-09-26,Normal Sinus Rhythm,Dr. Whitfield,https://upload.wikimedia.org/wikipedia/commons/thumb/7/72/E333_%28CardioNetworks_ECGpedia%29.jpg/500px-E333_%28CardioNetworks_ECGpedia%29.jpg
ECG-400365,Carol Taylor,Resting ECG,2025-02-20,Normal Sinus Rhythm — LVEF preserved,Dr. Abrams,https://upload.wikimedia.org/wikipedia/commons/thumb/7/72/E333_%28CardioNetworks_ECGpedia%29.jpg/500px-E333_%28CardioNetworks_ECGpedia%29.jpg
ECG-400366,Amanda Thomas,Resting ECG,2024-11-28,Normal Sinus Rhythm,Dr. Abrams,https://upload.wikimedia.org/wikipedia/commons/thumb/7/72/E333_%28CardioNetworks_ECGpedia%29.jpg/500px-E333_%28CardioNetworks_ECGpedia%29.jpg
ECG-400366,Amanda Thomas,Resting ECG,2025-04-24,Normal Sinus Rhythm — LVEF preserved,Dr. Kapoor,https://upload.wikimedia.org/wikipedia/commons/thumb/7/72/E333_%28CardioNetworks_ECGpedia%29.jpg/500px-E333_%28CardioNetworks_ECGpedia%29.jpg
ECG-400367,Anthony Miller,Resting ECG,2025-01-20,Normal Sinus Rhythm,Dr. Kim,https://upload.wikimedia.org/wikipedia/commons/thumb/7/72/E333_%28CardioNetworks_ECGpedia%29.jpg/500px-E333_%28CardioNetworks_ECGpedia%29.jpg
ECG-400368,Kimberly Martin,Resting ECG,2025-06-05,Normal Sinus Rhythm,Dr. Reynolds,https://upload.wikimedia.org/wikipedia/commons/thumb/7/72/E333_%28CardioNetworks_ECGpedia%29.jpg/500px-E333_%28CardioNetworks_ECGpedia%29.jpg
ECG-400368,Kimberly Martin,Resting ECG,2025-10-30,Normal Sinus Rhythm — LVEF preserved,Dr. Okafor,https://upload.wikimedia.org/wikipedia/commons/thumb/7/72/E333_%28CardioNetworks_ECGpedia%29.jpg/500px-E333_%28CardioNetworks_ECGpedia%29.jpg
ECG-400369,Carol Garcia,Resting ECG,2024-11-24,Sinus tachycardia — HR 105,Dr. Barnes,https://upload.wikimedia.org/wikipedia/commons/thumb/6/6c/E000754_%28CardioNetworks_ECGpedia%29.jpg/500px-E000754_%28CardioNetworks_ECGpedia%29.jpg
ECG-400369,Carol Garcia,Resting ECG,2025-01-19,Normal Sinus Rhythm,Dr. Fischer,https://upload.wikimedia.org/wikipedia/commons/thumb/7/72/E333_%28CardioNetworks_ECGpedia%29.jpg/500px-E333_%28CardioNetworks_ECGpedia%29.jpg
ECG-400370,Jennifer Moore,Resting ECG,2024-10-20,Normal Sinus Rhythm,Dr. Montgomery,https://upload.wikimedia.org/wikipedia/commons/thumb/7/72/E333_%28CardioNetworks_ECGpedia%29.jpg/500px-E333_%28CardioNetworks_ECGpedia%29.jpg
ECG-400372,Sandra Scott,Resting ECG,2025-01-22,Sinus tachycardia — HR 105,Dr. Hernandez,https://upload.wikimedia.org/wikipedia/commons/thumb/6/6c/E000754_%28CardioNetworks_ECGpedia%29.jpg/500px-E000754_%28CardioNetworks_ECGpedia%29.jpg
ECG-400372,Sandra Scott,Resting ECG,2025-03-19,Normal Sinus Rhythm,Dr. Sullivan,https://upload.wikimedia.org/wikipedia/commons/thumb/6/6c/E000754_%28CardioNetworks_ECGpedia%29.jpg/500px-E000754_%28CardioNetworks_ECGpedia%29.jpg
ECG-400373,Amanda Young,Resting ECG,2025-02-17,Normal Sinus Rhythm,Dr. Zhao,https://upload.wikimedia.org/wikipedia/commons/thumb/6/6c/E000754_%28CardioNetworks_ECGpedia%29.jpg/500px-E000754_%28CardioNetworks_ECGpedia%29.jpg
ECG-400374,Susan Lee,Resting ECG,2024-10-20,Sinus tachycardia — HR 105,Dr. Barnes,https://upload.wikimedia.org/wikipedia/commons/thumb/6/6c/E000754_%28CardioNetworks_ECGpedia%29.jpg/500px-E000754_%28CardioNetworks_ECGpedia%29.jpg
ECG-400374,Susan Lee,Resting ECG,2024-12-15,Normal Sinus Rhythm,Dr. Abrams,https://upload.wikimedia.org/wikipedia/commons/thumb/6/6c/E000754_%28CardioNetworks_ECGpedia%29.jpg/500px-E000754_%28CardioNetworks_ECGpedia%29.jpg
ECG-400375,Timothy Davis,Resting ECG,2025-05-15,Sinus tachycardia — HR 105,Dr. Nakamura,https://upload.wikimedia.org/wikipedia/commons/thumb/7/72/E333_%28CardioNetworks_ECGpedia%29.jpg/500px-E333_%28CardioNetworks_ECGpedia%29.jpg
ECG-400375,Timothy Davis,Resting ECG,2025-07-10,Normal Sinus Rhythm,Dr. Whitfield,https://upload.wikimedia.org/wikipedia/commons/thumb/6/6c/E000754_%28CardioNetworks_ECGpedia%29.jpg/500px-E000754_%28CardioNetworks_ECGpedia%29.jpg
ECG-400376,Betty Jackson,Resting ECG,2025-03-26,Normal Sinus Rhythm,Dr. Reynolds,https://upload.wikimedia.org/wikipedia/commons/thumb/7/72/E333_%28CardioNetworks_ECGpedia%29.jpg/500px-E333_%28CardioNetworks_ECGpedia%29.jpg
ECG-400377,Jason King,Resting ECG,2024-11-01,Normal Sinus Rhythm — LVEF 52%,Dr. Okafor,https://upload.wikimedia.org/wikipedia/commons/thumb/6/6c/E000754_%28CardioNetworks_ECGpedia%29.jpg/500px-E000754_%28CardioNetworks_ECGpedia%29.jpg
ECG-400378,Ronald Jones,Resting ECG,2025-05-02,Sinus tachycardia — HR 105,Dr. Patel,https://upload.wikimedia.org/wikipedia/commons/thumb/7/72/E333_%28CardioNetworks_ECGpedia%29.jpg/500px-E333_%28CardioNetworks_ECGpedia%29.jpg
ECG-400378,Ronald Jones,Resting ECG,2025-06-27,Normal Sinus Rhythm,Dr. Okafor,https://upload.wikimedia.org/wikipedia/commons/thumb/7/72/E333_%28CardioNetworks_ECGpedia%29.jpg/500px-E333_%28CardioNetworks_ECGpedia%29.jpg
ECG-400379,Andrew Jackson,Resting ECG,2025-01-31,Normal Sinus Rhythm,Dr. Montgomery,https://upload.wikimedia.org/wikipedia/commons/thumb/6/6c/E000754_%28CardioNetworks_ECGpedia%29.jpg/500px-E000754_%28CardioNetworks_ECGpedia%29.jpg
ECG-400379,Andrew Jackson,Resting ECG,2025-07-11,Normal — LVEF 58%,Dr. Hernandez,https://upload.wikimedia.org/wikipedia/commons/thumb/6/6c/E000754_%28CardioNetworks_ECGpedia%29.jpg/500px-E000754_%28CardioNetworks_ECGpedia%29.jpg
ECG-400380,Ronald Miller,Resting ECG,2025-03-06,Normal Sinus Rhythm,Dr. Zhao,https://upload.wikimedia.org/wikipedia/commons/thumb/6/6c/E000754_%28CardioNetworks_ECGpedia%29.jpg/500px-E000754_%28CardioNetworks_ECGpedia%29.jpg
ECG-400382,Ashley King,Resting ECG,2024-06-03,Normal Sinus Rhythm,Dr. Abrams,https://upload.wikimedia.org/wikipedia/commons/thumb/6/6c/E000754_%28CardioNetworks_ECGpedia%29.jpg/500px-E000754_%28CardioNetworks_ECGpedia%29.jpg
ECG-400383,Anthony Lee,Resting ECG,2025-04-28,Normal Sinus Rhythm,Dr. Zhao,https://upload.wikimedia.org/wikipedia/commons/thumb/7/72/E333_%28CardioNetworks_ECGpedia%29.jpg/500px-E333_%28CardioNetworks_ECGpedia%29.jpg
ECG-400384,Donna Smith,Resting ECG,2024-06-08,Sinus tachycardia — HR 105,Dr. Nguyen,https://upload.wikimedia.org/wikipedia/commons/thumb/7/72/E333_%28CardioNetworks_ECGpedia%29.jpg/500px-E333_%28CardioNetworks_ECGpedia%29.jpg
ECG-400384,Donna Smith,Resting ECG,2024-08-03,Normal Sinus Rhythm,Dr. Nakamura,https://upload.wikimedia.org/wikipedia/commons/thumb/7/72/E333_%28CardioNetworks_ECGpedia%29.jpg/500px-E333_%28CardioNetworks_ECGpedia%29.jpg
ECG-400385,Steven Davis,Resting ECG,2025-01-04,Normal Sinus Rhythm,Dr. Reynolds,https://upload.wikimedia.org/wikipedia/commons/thumb/7/72/E333_%28CardioNetworks_ECGpedia%29.jpg/500px-E333_%28CardioNetworks_ECGpedia%29.jpg
ECG-400385,Steven Davis,Resting ECG,2025-05-31,Normal Sinus Rhythm — LVEF preserved,Dr. Montgomery,https://upload.wikimedia.org/wikipedia/commons/thumb/6/6c/E000754_%28CardioNetworks_ECGpedia%29.jpg/500px-E000754_%28CardioNetworks_ECGpedia%29.jpg
ECG-400386,Richard Martinez,Resting ECG,2025-04-02,Normal Sinus Rhythm — LVEF 52%,Dr. Nakamura,https://upload.wikimedia.org/wikipedia/commons/thumb/6/6c/E000754_%28CardioNetworks_ECGpedia%29.jpg/500px-E000754_%28CardioNetworks_ECGpedia%29.jpg
ECG-400387,Joshua Lee,Resting ECG,2024-06-17,Normal Sinus Rhythm,Dr. Patel,https://upload.wikimedia.org/wikipedia/commons/thumb/6/6c/E000754_%28CardioNetworks_ECGpedia%29.jpg/500px-E000754_%28CardioNetworks_ECGpedia%29.jpg
ECG-400388,David Allen,Resting ECG,2025-05-31,Sinus tachycardia — HR 105,Dr. Nguyen,https://upload.wikimedia.org/wikipedia/commons/thumb/6/6c/E000754_%28CardioNetworks_ECGpedia%29.jpg/500px-E000754_%28CardioNetworks_ECGpedia%29.jpg
ECG-400388,David Allen,Resting ECG,2025-07-26,Normal Sinus Rhythm,Dr. Zhao,https://upload.wikimedia.org/wikipedia/commons/thumb/6/6c/E000754_%28CardioNetworks_ECGpedia%29.jpg/500px-E000754_%28CardioNetworks_ECGpedia%29.jpg
ECG-400389,Melissa Young,Resting ECG,2025-05-22,Normal Sinus Rhythm,Dr. Kim,https://upload.wikimedia.org/wikipedia/commons/thumb/7/72/E333_%28CardioNetworks_ECGpedia%29.jpg/500px-E333_%28CardioNetworks_ECGpedia%29.jpg
ECG-400389,Melissa Young,Resting ECG,2025-10-16,Normal Sinus Rhythm — LVEF preserved,Dr. Hernandez,https://upload.wikimedia.org/wikipedia/commons/thumb/6/6c/E000754_%28CardioNetworks_ECGpedia%29.jpg/500px-E000754_%28CardioNetworks_ECGpedia%29.jpg
ECG-400391,Emily Wright,Resting ECG,2025-04-22,Normal Sinus Rhythm,Dr. Nakamura,https://upload.wikimedia.org/wikipedia/commons/thumb/6/6c/E000754_%28CardioNetworks_ECGpedia%29.jpg/500px-E000754_%28CardioNetworks_ECGpedia%29.jpg
ECG-400391,Emily Wright,Resting ECG,2025-09-30,Normal — LVEF 58%,Dr. Abrams,https://upload.wikimedia.org/wikipedia/commons/thumb/7/72/E333_%28CardioNetworks_ECGpedia%29.jpg/500px-E333_%28CardioNetworks_ECGpedia%29.jpg
ECG-400392,Timothy Green,Resting ECG,2025-03-03,Normal Sinus Rhythm,Dr. Kapoor,https://upload.wikimedia.org/wikipedia/commons/thumb/7/72/E333_%28CardioNetworks_ECGpedia%29.jpg/500px-E333_%28CardioNetworks_ECGpedia%29.jpg
ECG-400392,Timothy Green,Resting ECG,2025-07-28,Normal Sinus Rhythm — LVEF preserved,Dr. Fischer,https://upload.wikimedia.org/wikipedia/commons/thumb/7/72/E333_%28CardioNetworks_ECGpedia%29.jpg/500px-E333_%28CardioNetworks_ECGpedia%29.jpg
ECG-400393,Kenneth Scott,Resting ECG,2025-03-08,Normal Sinus Rhythm,Dr. Patel,https://upload.wikimedia.org/wikipedia/commons/thumb/6/6c/E000754_%28CardioNetworks_ECGpedia%29.jpg/500px-E000754_%28CardioNetworks_ECGpedia%29.jpg
ECG-400394,Nancy Smith,Resting ECG,2025-04-11,Normal Sinus Rhythm,Dr. Kapoor,https://upload.wikimedia.org/wikipedia/commons/thumb/6/6c/E000754_%28CardioNetworks_ECGpedia%29.jpg/500px-E000754_%28CardioNetworks_ECGpedia%29.jpg
ECG-400394,Nancy Smith,Resting ECG,2025-09-05,Normal Sinus Rhythm — LVEF preserved,Dr. Zhao,https://upload.wikimedia.org/wikipedia/commons/thumb/6/6c/E000754_%28CardioNetworks_ECGpedia%29.jpg/500px-E000754_%28CardioNetworks_ECGpedia%29.jpg
ECG-400395,Daniel Rodriguez,Resting ECG,2025-01-31,Normal Sinus Rhythm,Dr. Kapoor,https://upload.wikimedia.org/wikipedia/commons/thumb/6/6c/E000754_%28CardioNetworks_ECGpedia%29.jpg/500px-E000754_%28CardioNetworks_ECGpedia%29.jpg
ECG-400395,Daniel Rodriguez,Resting ECG,2025-07-11,Normal — LVEF 58%,Dr. Montgomery,https://upload.wikimedia.org/wikipedia/commons/thumb/6/6c/E000754_%28CardioNetworks_ECGpedia%29.jpg/500px-E000754_%28CardioNetworks_ECGpedia%29.jpg
ECG-400396,Andrew Thomas,Resting ECG,2024-08-09,Normal Sinus Rhythm,Dr. Nakamura,https://upload.wikimedia.org/wikipedia/commons/thumb/7/72/E333_%28CardioNetworks_ECGpedia%29.jpg/500px-E333_%28CardioNetworks_ECGpedia%29.jpg
ECG-400396,Andrew Thomas,Resting ECG,2025-01-03,Normal Sinus Rhythm — LVEF preserved,Dr. Okafor,https://upload.wikimedia.org/wikipedia/commons/thumb/6/6c/E000754_%28CardioNetworks_ECGpedia%29.jpg/500px-E000754_%28CardioNetworks_ECGpedia%29.jpg
ECG-400397,Joshua Thomas,Resting ECG,2024-12-29,Normal Sinus Rhythm,Dr. Barnes,https://upload.wikimedia.org/wikipedia/commons/thumb/6/6c/E000754_%28CardioNetworks_ECGpedia%29.jpg/500px-E000754_%28CardioNetworks_ECGpedia%29.jpg
ECG-400397,Joshua Thomas,Resting ECG,2025-05-25,Normal Sinus Rhythm — LVEF preserved,Dr. Abrams,https://upload.wikimedia.org/wikipedia/commons/thumb/6/6c/E000754_%28CardioNetworks_ECGpedia%29.jpg/500px-E000754_%28CardioNetworks_ECGpedia%29.jpg
ECG-400401,Timothy Green,Resting ECG,2025-02-21,Sinus tachycardia — HR 105,Dr. Reynolds,https://upload.wikimedia.org/wikipedia/commons/thumb/6/6c/E000754_%28CardioNetworks_ECGpedia%29.jpg/500px-E000754_%28CardioNetworks_ECGpedia%29.jpg
ECG-400401,Timothy Green,Resting ECG,2025-04-18,Normal Sinus Rhythm,Dr. Hernandez,https://upload.wikimedia.org/wikipedia/commons/thumb/6/6c/E000754_%28CardioNetworks_ECGpedia%29.jpg/500px-E000754_%28CardioNetworks_ECGpedia%29.jpg
ECG-400402,Ronald Thomas,Resting ECG,2024-06-06,Normal Sinus Rhythm,Dr. Barnes,https://upload.wikimedia.org/wikipedia/commons/thumb/6/6c/E000754_%28CardioNetworks_ECGpedia%29.jpg/500px-E000754_%28CardioNetworks_ECGpedia%29.jpg
ECG-400403,Michelle Garcia,Resting ECG,2024-12-15,Normal Sinus Rhythm,Dr. Montgomery,https://upload.wikimedia.org/wikipedia/commons/thumb/6/6c/E000754_%28CardioNetworks_ECGpedia%29.jpg/500px-E000754_%28CardioNetworks_ECGpedia%29.jpg
ECG-400404,Jason King,Resting ECG,2025-02-12,Normal Sinus Rhythm,Dr. Fischer,https://upload.wikimedia.org/wikipedia/commons/thumb/7/72/E333_%28CardioNetworks_ECGpedia%29.jpg/500px-E333_%28CardioNetworks_ECGpedia%29.jpg
ECG-400404,Jason King,Resting ECG,2025-07-09,Normal Sinus Rhythm — LVEF preserved,Dr. Zhao,https://upload.wikimedia.org/wikipedia/commons/thumb/7/72/E333_%28CardioNetworks_ECGpedia%29.jpg/500px-E333_%28CardioNetworks_ECGpedia%29.jpg
ECG-400405,Carol Taylor,Resting ECG,2024-07-23,Normal Sinus Rhythm,Dr. Sullivan,https://upload.wikimedia.org/wikipedia/commons/thumb/6/6c/E000754_%28CardioNetworks_ECGpedia%29.jpg/500px-E000754_%28CardioNetworks_ECGpedia%29.jpg
ECG-400406,Joseph Young,Resting ECG,2025-05-30,Normal Sinus Rhythm,Dr. Kapoor,https://upload.wikimedia.org/wikipedia/commons/thumb/6/6c/E000754_%28CardioNetworks_ECGpedia%29.jpg/500px-E000754_%28CardioNetworks_ECGpedia%29.jpg
ECG-400408,Steven Smith,Resting ECG,2025-03-15,Normal Sinus Rhythm,Dr. Kapoor,https://upload.wikimedia.org/wikipedia/commons/thumb/6/6c/E000754_%28CardioNetworks_ECGpedia%29.jpg/500px-E000754_%28CardioNetworks_ECGpedia%29.jpg
ECG-400408,Steven Smith,Resting ECG,2025-08-23,Normal — LVEF 58%,Dr. Reynolds,https://upload.wikimedia.org/wikipedia/commons/thumb/7/72/E333_%28CardioNetworks_ECGpedia%29.jpg/500px-E333_%28CardioNetworks_ECGpedia%29.jpg
ECG-400409,Anthony Lee,Resting ECG,2025-04-16,Normal Sinus Rhythm,Dr. Patel,https://upload.wikimedia.org/wikipedia/commons/thumb/6/6c/E000754_%28CardioNetworks_ECGpedia%29.jpg/500px-E000754_%28CardioNetworks_ECGpedia%29.jpg
ECG-400409,Anthony Lee,Resting ECG,2025-09-24,Normal — LVEF 58%,Dr. Fischer,https://upload.wikimedia.org/wikipedia/commons/thumb/6/6c/E000754_%28CardioNetworks_ECGpedia%29.jpg/500px-E000754_%28CardioNetworks_ECGpedia%29.jpg
ECG-400410,Lisa Martin,Resting ECG,2024-07-01,Normal Sinus Rhythm,Dr. Hernandez,https://upload.wikimedia.org/wikipedia/commons/thumb/7/72/E333_%28CardioNetworks_ECGpedia%29.jpg/500px-E333_%28CardioNetworks_ECGpedia%29.jpg
ECG-400411,Amanda Jones,Resting ECG,2025-03-11,Normal Sinus Rhythm,Dr. Sullivan,https://upload.wikimedia.org/wikipedia/commons/thumb/7/72/E333_%28CardioNetworks_ECGpedia%29.jpg/500px-E333_%28CardioNetworks_ECGpedia%29.jpg
ECG-400412,Anthony Green,Resting ECG,2025-02-14,Sinus tachycardia — HR 105,Dr. Nguyen,https://upload.wikimedia.org/wikipedia/commons/thumb/6/6c/E000754_%28CardioNetworks_ECGpedia%29.jpg/500px-E000754_%28CardioNetworks_ECGpedia%29.jpg
ECG-400412,Anthony Green,Resting ECG,2025-04-11,Normal Sinus Rhythm,Dr. Reynolds,https://upload.wikimedia.org/wikipedia/commons/thumb/7/72/E333_%28CardioNetworks_ECGpedia%29.jpg/500px-E333_%28CardioNetworks_ECGpedia%29.jpg
ECG-400413,Donna Taylor,Resting ECG,2025-01-05,Normal Sinus Rhythm,Dr. Abrams,https://upload.wikimedia.org/wikipedia/commons/thumb/6/6c/E000754_%28CardioNetworks_ECGpedia%29.jpg/500px-E000754_%28CardioNetworks_ECGpedia%29.jpg
ECG-400414,Melissa King,Resting ECG,2025-05-25,Normal Sinus Rhythm,Dr. Hernandez,https://upload.wikimedia.org/wikipedia/commons/thumb/7/72/E333_%28CardioNetworks_ECGpedia%29.jpg/500px-E333_%28CardioNetworks_ECGpedia%29.jpg
ECG-400414,Melissa King,Resting ECG,2025-11-02,Normal — LVEF 58%,Dr. Fischer,https://upload.wikimedia.org/wikipedia/commons/thumb/6/6c/E000754_%28CardioNetworks_ECGpedia%29.jpg/500px-E000754_%28CardioNetworks_ECGpedia%29.jpg
ECG-400415,Susan Thomas,Resting ECG,2025-05-19,Normal Sinus Rhythm,Dr. Kim,https://upload.wikimedia.org/wikipedia/commons/thumb/7/72/E333_%28CardioNetworks_ECGpedia%29.jpg/500px-E333_%28CardioNetworks_ECGpedia%29.jpg
ECG-400416,Timothy Brown,Resting ECG,2025-05-10,Normal Sinus Rhythm,Dr. Kapoor,https://upload.wikimedia.org/wikipedia/commons/thumb/6/6c/E000754_%28CardioNetworks_ECGpedia%29.jpg/500px-E000754_%28CardioNetworks_ECGpedia%29.jpg
ECG-400417,Andrew Wright,Resting ECG,2024-09-20,Normal Sinus Rhythm,Dr. Okafor,https://upload.wikimedia.org/wikipedia/commons/thumb/6/6c/E000754_%28CardioNetworks_ECGpedia%29.jpg/500px-E000754_%28CardioNetworks_ECGpedia%29.jpg
ECG-400417,Andrew Wright,Resting ECG,2025-02-28,Normal — LVEF 58%,Dr. Whitfield,https://upload.wikimedia.org/wikipedia/commons/thumb/7/72/E333_%28CardioNetworks_ECGpedia%29.jpg/500px-E333_%28CardioNetworks_ECGpedia%29.jpg
ECG-400418,Susan Young,Resting ECG,2024-12-17,Normal Sinus Rhythm — LVEF 52%,Dr. Whitfield,https://upload.wikimedia.org/wikipedia/commons/thumb/6/6c/E000754_%28CardioNetworks_ECGpedia%29.jpg/500px-E000754_%28CardioNetworks_ECGpedia%29.jpg
ECG-400419,Donna Jackson,Resting ECG,2025-06-16,Normal Sinus Rhythm,Dr. Montgomery,https://upload.wikimedia.org/wikipedia/commons/thumb/6/6c/E000754_%28CardioNetworks_ECGpedia%29.jpg/500px-E000754_%28CardioNetworks_ECGpedia%29.jpg
ECG-400420,Kenneth Allen,Resting ECG,2024-11-26,Normal Sinus Rhythm,Dr. Reynolds,https://upload.wikimedia.org/wikipedia/commons/thumb/7/72/E333_%28CardioNetworks_ECGpedia%29.jpg/500px-E333_%28CardioNetworks_ECGpedia%29.jpg
ECG-400421,Anthony Green,Resting ECG,2025-01-06,Normal Sinus Rhythm,Dr. Kapoor,https://upload.wikimedia.org/wikipedia/commons/thumb/6/6c/E000754_%28CardioNetworks_ECGpedia%29.jpg/500px-E000754_%28CardioNetworks_ECGpedia%29.jpg
ECG-400422,Paul Smith,Resting ECG,2024-06-28,Normal Sinus Rhythm,Dr. Nakamura,https://upload.wikimedia.org/wikipedia/commons/thumb/7/72/E333_%28CardioNetworks_ECGpedia%29.jpg/500px-E333_%28CardioNetworks_ECGpedia%29.jpg
ECG-400423,Michelle Allen,Resting ECG,2025-02-25,Sinus tachycardia — HR 105,Dr. Nakamura,https://upload.wikimedia.org/wikipedia/commons/thumb/6/6c/E000754_%28CardioNetworks_ECGpedia%29.jpg/500px-E000754_%28CardioNetworks_ECGpedia%29.jpg
ECG-400423,Michelle Allen,Resting ECG,2025-04-22,Normal Sinus Rhythm,Dr. Barnes,https://upload.wikimedia.org/wikipedia/commons/thumb/6/6c/E000754_%28CardioNetworks_ECGpedia%29.jpg/500px-E000754_%28CardioNetworks_ECGpedia%29.jpg
ECG-400424,Timothy Garcia,Resting ECG,2024-07-25,Normal Sinus Rhythm,Dr. Kapoor,https://upload.wikimedia.org/wikipedia/commons/thumb/7/72/E333_%28CardioNetworks_ECGpedia%29.jpg/500px-E333_%28CardioNetworks_ECGpedia%29.jpg
ECG-400425,Ashley Thomas,Resting ECG,2025-01-30,Normal Sinus Rhythm — LVEF 52%,Dr. Fischer,https://upload.wikimedia.org/wikipedia/commons/thumb/6/6c/E000754_%28CardioNetworks_ECGpedia%29.jpg/500px-E000754_%28CardioNetworks_ECGpedia%29.jpg
ECG-400426,Carol Davis,Resting ECG,2024-12-13,Sinus tachycardia — HR 105,Dr. Okafor,https://upload.wikimedia.org/wikipedia/commons/thumb/6/6c/E000754_%28CardioNetworks_ECGpedia%29.jpg/500px-E000754_%28CardioNetworks_ECGpedia%29.jpg
ECG-400426,Carol Davis,Resting ECG,2025-02-07,Normal Sinus Rhythm,Dr. Barnes,https://upload.wikimedia.org/wikipedia/commons/thumb/6/6c/E000754_%28CardioNetworks_ECGpedia%29.jpg/500px-E000754_%28CardioNetworks_ECGpedia%29.jpg
ECG-400427,Melissa Green,Resting ECG,2025-02-19,Sinus tachycardia — HR 105,Dr. Kim,https://upload.wikimedia.org/wikipedia/commons/thumb/6/6c/E000754_%28CardioNetworks_ECGpedia%29.jpg/500px-E000754_%28CardioNetworks_ECGpedia%29.jpg
ECG-400427,Melissa Green,Resting ECG,2025-04-16,Normal Sinus Rhythm,Dr. Whitfield,https://upload.wikimedia.org/wikipedia/commons/thumb/6/6c/E000754_%28CardioNetworks_ECGpedia%29.jpg/500px-E000754_%28CardioNetworks_ECGpedia%29.jpg
ECG-400428,Andrew King,Resting ECG,2024-08-10,Normal Sinus Rhythm,Dr. Abrams,https://upload.wikimedia.org/wikipedia/commons/thumb/7/72/E333_%28CardioNetworks_ECGpedia%29.jpg/500px-E333_%28CardioNetworks_ECGpedia%29.jpg
ECG-400428,Andrew King,Resting ECG,2025-01-04,Normal Sinus Rhythm — LVEF preserved,Dr. Kim,https://upload.wikimedia.org/wikipedia/commons/thumb/7/72/E333_%28CardioNetworks_ECGpedia%29.jpg/500px-E333_%28CardioNetworks_ECGpedia%29.jpg
ECG-400429,Mark Wright,Resting ECG,2025-05-26,Normal Sinus Rhythm — LVEF 52%,Dr. Kapoor,https://upload.wikimedia.org/wikipedia/commons/thumb/6/6c/E000754_%28CardioNetworks_ECGpedia%29.jpg/500px-E000754_%28CardioNetworks_ECGpedia%29.jpg
ECG-400430,Brian Scott,Resting ECG,2024-07-19,Normal Sinus Rhythm,Dr. Fischer,https://upload.wikimedia.org/wikipedia/commons/thumb/7/72/E333_%28CardioNetworks_ECGpedia%29.jpg/500px-E333_%28CardioNetworks_ECGpedia%29.jpg
ECG-400430,Brian Scott,Resting ECG,2024-12-13,Normal Sinus Rhythm — LVEF preserved,Dr. Abrams,https://upload.wikimedia.org/wikipedia/commons/thumb/6/6c/E000754_%28CardioNetworks_ECGpedia%29.jpg/500px-E000754_%28CardioNetworks_ECGpedia%29.jpg
ECG-400431,Paul Jackson,Resting ECG,2025-01-15,Normal Sinus Rhythm,Dr. Nguyen,https://upload.wikimedia.org/wikipedia/commons/thumb/7/72/E333_%28CardioNetworks_ECGpedia%29.jpg/500px-E333_%28CardioNetworks_ECGpedia%29.jpg
ECG-400432,Jason Smith,Resting ECG,2024-12-22,Normal Sinus Rhythm,Dr. Kapoor,https://upload.wikimedia.org/wikipedia/commons/thumb/7/72/E333_%28CardioNetworks_ECGpedia%29.jpg/500px-E333_%28CardioNetworks_ECGpedia%29.jpg
ECG-400432,Jason Smith,Resting ECG,2025-05-18,Normal Sinus Rhythm — LVEF preserved,Dr. Zhao,https://upload.wikimedia.org/wikipedia/commons/thumb/7/72/E333_%28CardioNetworks_ECGpedia%29.jpg/500px-E333_%28CardioNetworks_ECGpedia%29.jpg
ECG-400433,Barbara Martinez,Resting ECG,2025-01-29,Normal Sinus Rhythm,Dr. Nguyen,https://upload.wikimedia.org/wikipedia/commons/thumb/6/6c/E000754_%28CardioNetworks_ECGpedia%29.jpg/500px-E000754_%28CardioNetworks_ECGpedia%29.jpg
ECG-400434,Melissa Martinez,Resting ECG,2024-06-06,Sinus tachycardia — HR 105,Dr. Reynolds,https://upload.wikimedia.org/wikipedia/commons/thumb/6/6c/E000754_%28CardioNetworks_ECGpedia%29.jpg/500px-E000754_%28CardioNetworks_ECGpedia%29.jpg
ECG-400434,Melissa Martinez,Resting ECG,2024-08-01,Normal Sinus Rhythm,Dr. Sullivan,https://upload.wikimedia.org/wikipedia/commons/thumb/6/6c/E000754_%28CardioNetworks_ECGpedia%29.jpg/500px-E000754_%28CardioNetworks_ECGpedia%29.jpg
ECG-400435,David Allen,Resting ECG,2024-07-14,Normal Sinus Rhythm — LVEF 52%,Dr. Zhao,https://upload.wikimedia.org/wikipedia/commons/thumb/7/72/E333_%28CardioNetworks_ECGpedia%29.jpg/500px-E333_%28CardioNetworks_ECGpedia%29.jpg
ECG-400436,Edward King,Resting ECG,2024-09-29,Normal Sinus Rhythm,Dr. Nguyen,https://upload.wikimedia.org/wikipedia/commons/thumb/7/72/E333_%28CardioNetworks_ECGpedia%29.jpg/500px-E333_%28CardioNetworks_ECGpedia%29.jpg
ECG-400437,Richard Hall,Resting ECG,2024-11-17,Normal Sinus Rhythm,Dr. Reynolds,https://upload.wikimedia.org/wikipedia/commons/thumb/6/6c/E000754_%28CardioNetworks_ECGpedia%29.jpg/500px-E000754_%28CardioNetworks_ECGpedia%29.jpg
ECG-400437,Richard Hall,Resting ECG,2025-04-13,Normal Sinus Rhythm — LVEF preserved,Dr. Kapoor,https://upload.wikimedia.org/wikipedia/commons/thumb/7/72/E333_%28CardioNetworks_ECGpedia%29.jpg/500px-E333_%28CardioNetworks_ECGpedia%29.jpg
ECG-400438,Ronald Taylor,Resting ECG,2024-08-19,Normal Sinus Rhythm,Dr. Sullivan,https://upload.wikimedia.org/wikipedia/commons/thumb/7/72/E333_%28CardioNetworks_ECGpedia%29.jpg/500px-E333_%28CardioNetworks_ECGpedia%29.jpg
ECG-400439,Michelle Martin,Resting ECG,2025-05-29,Normal Sinus Rhythm,Dr. Whitfield,https://upload.wikimedia.org/wikipedia/commons/thumb/7/72/E333_%28CardioNetworks_ECGpedia%29.jpg/500px-E333_%28CardioNetworks_ECGpedia%29.jpg
ECG-400439,Michelle Martin,Resting ECG,2025-11-06,Normal — LVEF 58%,Dr. Reynolds,https://upload.wikimedia.org/wikipedia/commons/thumb/6/6c/E000754_%28CardioNetworks_ECGpedia%29.jpg/500px-E000754_%28CardioNetworks_ECGpedia%29.jpg
ECG-400440,Emily Garcia,Resting ECG,2025-06-28,Normal Sinus Rhythm,Dr. Fischer,https://upload.wikimedia.org/wikipedia/commons/thumb/6/6c/E000754_%28CardioNetworks_ECGpedia%29.jpg/500px-E000754_%28CardioNetworks_ECGpedia%29.jpg
ECG-400442,Joseph Rodriguez,Resting ECG,2025-06-18,Normal Sinus Rhythm,Dr. Okafor,https://upload.wikimedia.org/wikipedia/commons/thumb/6/6c/E000754_%28CardioNetworks_ECGpedia%29.jpg/500px-E000754_%28CardioNetworks_ECGpedia%29.jpg
ECG-400442,Joseph Rodriguez,Resting ECG,2025-11-26,Normal — LVEF 58%,Dr. Sullivan,https://upload.wikimedia.org/wikipedia/commons/thumb/7/72/E333_%28CardioNetworks_ECGpedia%29.jpg/500px-E333_%28CardioNetworks_ECGpedia%29.jpg
ECG-400443,Timothy King,Resting ECG,2025-07-06,Normal Sinus Rhythm,Dr. Patel,https://upload.wikimedia.org/wikipedia/commons/thumb/7/72/E333_%28CardioNetworks_ECGpedia%29.jpg/500px-E333_%28CardioNetworks_ECGpedia%29.jpg
ECG-400444,Melissa Hall,Resting ECG,2024-12-18,Sinus tachycardia — HR 105,Dr. Okafor,https://upload.wikimedia.org/wikipedia/commons/thumb/7/72/E333_%28CardioNetworks_ECGpedia%29.jpg/500px-E333_%28CardioNetworks_ECGpedia%29.jpg
ECG-400444,Melissa Hall,Resting ECG,2025-02-12,Normal Sinus Rhythm,Dr. Barnes,https://upload.wikimedia.org/wikipedia/commons/thumb/6/6c/E000754_%28CardioNetworks_ECGpedia%29.jpg/500px-E000754_%28CardioNetworks_ECGpedia%29.jpg
ECG-400445,Amanda Walker,Resting ECG,2024-06-06,Normal Sinus Rhythm — LVEF 52%,Dr. Reynolds,https://upload.wikimedia.org/wikipedia/commons/thumb/7/72/E333_%28CardioNetworks_ECGpedia%29.jpg/500px-E333_%28CardioNetworks_ECGpedia%29.jpg
ECG-400446,Brian Garcia,Resting ECG,2025-06-19,Normal Sinus Rhythm,Dr. Patel,https://upload.wikimedia.org/wikipedia/commons/thumb/7/72/E333_%28CardioNetworks_ECGpedia%29.jpg/500px-E333_%28CardioNetworks_ECGpedia%29.jpg
ECG-400447,Ronald Davis,Resting ECG,2024-07-20,Normal Sinus Rhythm,Dr. Kim,https://upload.wikimedia.org/wikipedia/commons/thumb/7/72/E333_%28CardioNetworks_ECGpedia%29.jpg/500px-E333_%28CardioNetworks_ECGpedia%29.jpg
ECG-400448,Donna Lee,Resting ECG,2024-07-23,Sinus tachycardia — HR 105,Dr. Abrams,https://upload.wikimedia.org/wikipedia/commons/thumb/7/72/E333_%28CardioNetworks_ECGpedia%29.jpg/500px-E333_%28CardioNetworks_ECGpedia%29.jpg
ECG-400448,Donna Lee,Resting ECG,2024-09-17,Normal Sinus Rhythm,Dr. Montgomery,https://upload.wikimedia.org/wikipedia/commons/thumb/6/6c/E000754_%28CardioNetworks_ECGpedia%29.jpg/500px-E000754_%28CardioNetworks_ECGpedia%29.jpg
ECG-400449,George King,Resting ECG,2025-03-13,Normal Sinus Rhythm,Dr. Abrams,https://upload.wikimedia.org/wikipedia/commons/thumb/6/6c/E000754_%28CardioNetworks_ECGpedia%29.jpg/500px-E000754_%28CardioNetworks_ECGpedia%29.jpg
ECG-400449,George King,Resting ECG,2025-08-07,Normal Sinus Rhythm — LVEF preserved,Dr. Fischer,https://upload.wikimedia.org/wikipedia/commons/thumb/7/72/E333_%28CardioNetworks_ECGpedia%29.jpg/500px-E333_%28CardioNetworks_ECGpedia%29.jpg
ECG-400450,Kimberly Thomas,Resting ECG,2025-02-12,Normal Sinus Rhythm,Dr. Whitfield,https://upload.wikimedia.org/wikipedia/commons/thumb/6/6c/E000754_%28CardioNetworks_ECGpedia%29.jpg/500px-E000754_%28CardioNetworks_ECGpedia%29.jpg
ECG-400451,Steven Williams,Resting ECG,2024-09-13,Normal Sinus Rhythm,Dr. Nguyen,https://upload.wikimedia.org/wikipedia/commons/thumb/6/6c/E000754_%28CardioNetworks_ECGpedia%29.jpg/500px-E000754_%28CardioNetworks_ECGpedia%29.jpg
ECG-400453,Steven Johnson,Resting ECG,2024-08-15,Normal Sinus Rhythm,Dr. Nakamura,https://upload.wikimedia.org/wikipedia/commons/thumb/7/72/E333_%28CardioNetworks_ECGpedia%29.jpg/500px-E333_%28CardioNetworks_ECGpedia%29.jpg
ECG-400454,Anthony Rodriguez,Resting ECG,2025-06-04,Normal Sinus Rhythm,Dr. Fischer,https://upload.wikimedia.org/wikipedia/commons/thumb/6/6c/E000754_%28CardioNetworks_ECGpedia%29.jpg/500px-E000754_%28CardioNetworks_ECGpedia%29.jpg
ECG-400455,Brian Young,Resting ECG,2025-01-25,Normal Sinus Rhythm,Dr. Zhao,https://upload.wikimedia.org/wikipedia/commons/thumb/6/6c/E000754_%28CardioNetworks_ECGpedia%29.jpg/500px-E000754_%28CardioNetworks_ECGpedia%29.jpg
ECG-400456,Margaret Green,Resting ECG,2024-10-17,Normal Sinus Rhythm,Dr. Patel,https://upload.wikimedia.org/wikipedia/commons/thumb/7/72/E333_%28CardioNetworks_ECGpedia%29.jpg/500px-E333_%28CardioNetworks_ECGpedia%29.jpg
ECG-400456,Margaret Green,Resting ECG,2025-03-13,Normal Sinus Rhythm — LVEF preserved,Dr. Montgomery,https://upload.wikimedia.org/wikipedia/commons/thumb/6/6c/E000754_%28CardioNetworks_ECGpedia%29.jpg/500px-E000754_%28CardioNetworks_ECGpedia%29.jpg
ECG-400457,David Miller,Resting ECG,2024-08-23,Normal Sinus Rhythm,Dr. Fischer,https://upload.wikimedia.org/wikipedia/commons/thumb/6/6c/E000754_%28CardioNetworks_ECGpedia%29.jpg/500px-E000754_%28CardioNetworks_ECGpedia%29.jpg
ECG-400460,Jessica Rodriguez,Resting ECG,2025-04-10,Normal Sinus Rhythm,Dr. Nguyen,https://upload.wikimedia.org/wikipedia/commons/thumb/7/72/E333_%28CardioNetworks_ECGpedia%29.jpg/500px-E333_%28CardioNetworks_ECGpedia%29.jpg
ECG-400460,Jessica Rodriguez,Resting ECG,2025-09-18,Normal — LVEF 58%,Dr. Kapoor,https://upload.wikimedia.org/wikipedia/commons/thumb/6/6c/E000754_%28CardioNetworks_ECGpedia%29.jpg/500px-E000754_%28CardioNetworks_ECGpedia%29.jpg
ECG-400461,David Scott,Resting ECG,2025-03-15,Normal Sinus Rhythm,Dr. Fischer,https://upload.wikimedia.org/wikipedia/commons/thumb/6/6c/E000754_%28CardioNetworks_ECGpedia%29.jpg/500px-E000754_%28CardioNetworks_ECGpedia%29.jpg
ECG-400461,David Scott,Resting ECG,2025-08-09,Normal Sinus Rhythm — LVEF preserved,Dr. Barnes,https://upload.wikimedia.org/wikipedia/commons/thumb/7/72/E333_%28CardioNetworks_ECGpedia%29.jpg/500px-E333_%28CardioNetworks_ECGpedia%29.jpg
ECG-400462,Emily Thomas,Resting ECG,2024-10-19,Normal Sinus Rhythm,Dr. Sullivan,https://upload.wikimedia.org/wikipedia/commons/thumb/6/6c/E000754_%28CardioNetworks_ECGpedia%29.jpg/500px-E000754_%28CardioNetworks_ECGpedia%29.jpg
ECG-400462,Emily Thomas,Resting ECG,2025-03-29,Normal — LVEF 58%,Dr. Montgomery,https://upload.wikimedia.org/wikipedia/commons/thumb/7/72/E333_%28CardioNetworks_ECGpedia%29.jpg/500px-E333_%28CardioNetworks_ECGpedia%29.jpg
ECG-400464,Kimberly Scott,Resting ECG,2025-07-09,Normal Sinus Rhythm,Dr. Kim,https://upload.wikimedia.org/wikipedia/commons/thumb/6/6c/E000754_%28CardioNetworks_ECGpedia%29.jpg/500px-E000754_%28CardioNetworks_ECGpedia%29.jpg
ECG-400464,Kimberly Scott,Resting ECG,2025-12-03,Normal Sinus Rhythm — LVEF preserved,Dr. Montgomery,https://upload.wikimedia.org/wikipedia/commons/thumb/6/6c/E000754_%28CardioNetworks_ECGpedia%29.jpg/500px-E000754_%28CardioNetworks_ECGpedia%29.jpg
ECG-400465,Mark Walker,Resting ECG,2024-08-22,Normal Sinus Rhythm,Dr. Fischer,https://upload.wikimedia.org/wikipedia/commons/thumb/7/72/E333_%28CardioNetworks_ECGpedia%29.jpg/500px-E333_%28CardioNetworks_ECGpedia%29.jpg
ECG-400466,Ronald Young,Resting ECG,2024-09-29,Normal Sinus Rhythm,Dr. Abrams,https://upload.wikimedia.org/wikipedia/commons/thumb/7/72/E333_%28CardioNetworks_ECGpedia%29.jpg/500px-E333_%28CardioNetworks_ECGpedia%29.jpg
ECG-400466,Ronald Young,Resting ECG,2025-03-09,Normal — LVEF 58%,Dr. Kim,https://upload.wikimedia.org/wikipedia/commons/thumb/6/6c/E000754_%28CardioNetworks_ECGpedia%29.jpg/500px-E000754_%28CardioNetworks_ECGpedia%29.jpg
ECG-400467,Donna Young,Resting ECG,2025-07-02,Normal Sinus Rhythm,Dr. Barnes,https://upload.wikimedia.org/wikipedia/commons/thumb/6/6c/E000754_%28CardioNetworks_ECGpedia%29.jpg/500px-E000754_%28CardioNetworks_ECGpedia%29.jpg
ECG-400468,Jennifer Miller,Resting ECG,2025-04-03,Normal Sinus Rhythm,Dr. Nakamura,https://upload.wikimedia.org/wikipedia/commons/thumb/6/6c/E000754_%28CardioNetworks_ECGpedia%29.jpg/500px-E000754_%28CardioNetworks_ECGpedia%29.jpg
ECG-400469,Kenneth Davis,Resting ECG,2025-07-12,Normal Sinus Rhythm,Dr. Montgomery,https://upload.wikimedia.org/wikipedia/commons/thumb/6/6c/E000754_%28CardioNetworks_ECGpedia%29.jpg/500px-E000754_%28CardioNetworks_ECGpedia%29.jpg
ECG-400469,Kenneth Davis,Resting ECG,2025-12-20,Normal — LVEF 58%,Dr. Kapoor,https://upload.wikimedia.org/wikipedia/commons/thumb/6/6c/E000754_%28CardioNetworks_ECGpedia%29.jpg/500px-E000754_%28CardioNetworks_ECGpedia%29.jpg
ECG-400470,Lisa Walker,Resting ECG,2024-10-24,Normal Sinus Rhythm — LVEF 52%,Dr. Nakamura,https://upload.wikimedia.org/wikipedia/commons/thumb/7/72/E333_%28CardioNetworks_ECGpedia%29.jpg/500px-E333_%28CardioNetworks_ECGpedia%29.jpg
ECG-400471,Nancy Young,Resting ECG,2024-10-12,Normal Sinus Rhythm,Dr. Nakamura,https://upload.wikimedia.org/wikipedia/commons/thumb/6/6c/E000754_%28CardioNetworks_ECGpedia%29.jpg/500px-E000754_%28CardioNetworks_ECGpedia%29.jpg
ECG-400472,Jason Williams,Resting ECG,2025-03-11,Normal Sinus Rhythm,Dr. Hernandez,https://upload.wikimedia.org/wikipedia/commons/thumb/7/72/E333_%28CardioNetworks_ECGpedia%29.jpg/500px-E333_%28CardioNetworks_ECGpedia%29.jpg
ECG-400472,Jason Williams,Resting ECG,2025-08-05,Normal Sinus Rhythm — LVEF preserved,Dr. Reynolds,https://upload.wikimedia.org/wikipedia/commons/thumb/6/6c/E000754_%28CardioNetworks_ECGpedia%29.jpg/500px-E000754_%28CardioNetworks_ECGpedia%29.jpg
ECG-400474,Barbara Moore,Resting ECG,2024-12-07,Normal Sinus Rhythm,Dr. Barnes,https://upload.wikimedia.org/wikipedia/commons/thumb/6/6c/E000754_%28CardioNetworks_ECGpedia%29.jpg/500px-E000754_%28CardioNetworks_ECGpedia%29.jpg
ECG-400475,Paul Davis,Resting ECG,2024-07-09,Sinus tachycardia — HR 105,Dr. Fischer,https://upload.wikimedia.org/wikipedia/commons/thumb/7/72/E333_%28CardioNetworks_ECGpedia%29.jpg/500px-E333_%28CardioNetworks_ECGpedia%29.jpg
ECG-400475,Paul Davis,Resting ECG,2024-09-03,Normal Sinus Rhythm,Dr. Abrams,https://upload.wikimedia.org/wikipedia/commons/thumb/7/72/E333_%28CardioNetworks_ECGpedia%29.jpg/500px-E333_%28CardioNetworks_ECGpedia%29.jpg
ECG-400476,Kimberly Miller,Resting ECG,2025-03-11,Normal Sinus Rhythm,Dr. Whitfield,https://upload.wikimedia.org/wikipedia/commons/thumb/7/72/E333_%28CardioNetworks_ECGpedia%29.jpg/500px-E333_%28CardioNetworks_ECGpedia%29.jpg
ECG-400477,Paul Miller,Resting ECG,2024-08-19,Sinus tachycardia — HR 105,Dr. Reynolds,https://upload.wikimedia.org/wikipedia/commons/thumb/7/72/E333_%28CardioNetworks_ECGpedia%29.jpg/500px-E333_%28CardioNetworks_ECGpedia%29.jpg
ECG-400477,Paul Miller,Resting ECG,2024-10-14,Normal Sinus Rhythm,Dr. Kapoor,https://upload.wikimedia.org/wikipedia/commons/thumb/7/72/E333_%28CardioNetworks_ECGpedia%29.jpg/500px-E333_%28CardioNetworks_ECGpedia%29.jpg
ECG-400479,Michelle Garcia,Resting ECG,2025-07-18,Normal Sinus Rhythm,Dr. Fischer,https://upload.wikimedia.org/wikipedia/commons/thumb/7/72/E333_%28CardioNetworks_ECGpedia%29.jpg/500px-E333_%28CardioNetworks_ECGpedia%29.jpg
ECG-400480,Michelle Hall,Resting ECG,2025-05-25,Normal Sinus Rhythm,Dr. Nakamura,https://upload.wikimedia.org/wikipedia/commons/thumb/6/6c/E000754_%28CardioNetworks_ECGpedia%29.jpg/500px-E000754_%28CardioNetworks_ECGpedia%29.jpg
ECG-400481,Ashley Scott,Resting ECG,2025-01-09,Normal Sinus Rhythm,Dr. Nguyen,https://upload.wikimedia.org/wikipedia/commons/thumb/6/6c/E000754_%28CardioNetworks_ECGpedia%29.jpg/500px-E000754_%28CardioNetworks_ECGpedia%29.jpg
ECG-400482,Betty Garcia,Resting ECG,2025-02-04,Normal Sinus Rhythm,Dr. Nguyen,https://upload.wikimedia.org/wikipedia/commons/thumb/6/6c/E000754_%28CardioNetworks_ECGpedia%29.jpg/500px-E000754_%28CardioNetworks_ECGpedia%29.jpg
ECG-400482,Betty Garcia,Resting ECG,2025-07-15,Normal — LVEF 58%,Dr. Abrams,https://upload.wikimedia.org/wikipedia/commons/thumb/6/6c/E000754_%28CardioNetworks_ECGpedia%29.jpg/500px-E000754_%28CardioNetworks_ECGpedia%29.jpg
ECG-400483,Ronald Jackson,Resting ECG,2024-12-04,Sinus tachycardia — HR 105,Dr. Montgomery,https://upload.wikimedia.org/wikipedia/commons/thumb/7/72/E333_%28CardioNetworks_ECGpedia%29.jpg/500px-E333_%28CardioNetworks_ECGpedia%29.jpg
ECG-400483,Ronald Jackson,Resting ECG,2025-01-29,Normal Sinus Rhythm,Dr. Sullivan,https://upload.wikimedia.org/wikipedia/commons/thumb/6/6c/E000754_%28CardioNetworks_ECGpedia%29.jpg/500px-E000754_%28CardioNetworks_ECGpedia%29.jpg
ECG-400484,Margaret Allen,Resting ECG,2024-08-19,Normal Sinus Rhythm,Dr. Kim,https://upload.wikimedia.org/wikipedia/commons/thumb/7/72/E333_%28CardioNetworks_ECGpedia%29.jpg/500px-E333_%28CardioNetworks_ECGpedia%29.jpg
ECG-400485,Donna Miller,Resting ECG,2024-08-30,Normal Sinus Rhythm,Dr. Kapoor,https://upload.wikimedia.org/wikipedia/commons/thumb/6/6c/E000754_%28CardioNetworks_ECGpedia%29.jpg/500px-E000754_%28CardioNetworks_ECGpedia%29.jpg
ECG-400486,Michelle Martinez,Resting ECG,2024-12-21,Normal Sinus Rhythm,Dr. Whitfield,https://upload.wikimedia.org/wikipedia/commons/thumb/7/72/E333_%28CardioNetworks_ECGpedia%29.jpg/500px-E333_%28CardioNetworks_ECGpedia%29.jpg
ECG-400487,Paul Lee,Resting ECG,2024-10-12,Sinus tachycardia — HR 105,Dr. Nguyen,https://upload.wikimedia.org/wikipedia/commons/thumb/7/72/E333_%28CardioNetworks_ECGpedia%29.jpg/500px-E333_%28CardioNetworks_ECGpedia%29.jpg
ECG-400487,Paul Lee,Resting ECG,2024-12-07,Normal Sinus Rhythm,Dr. Nakamura,https://upload.wikimedia.org/wikipedia/commons/thumb/6/6c/E000754_%28CardioNetworks_ECGpedia%29.jpg/500px-E000754_%28CardioNetworks_ECGpedia%29.jpg
ECG-400488,Jennifer Jackson,Resting ECG,2025-04-20,Normal Sinus Rhythm,Dr. Barnes,https://upload.wikimedia.org/wikipedia/commons/thumb/6/6c/E000754_%28CardioNetworks_ECGpedia%29.jpg/500px-E000754_%28CardioNetworks_ECGpedia%29.jpg
ECG-400490,Anthony King,Resting ECG,2024-07-14,Normal Sinus Rhythm,Dr. Fischer,https://upload.wikimedia.org/wikipedia/commons/thumb/7/72/E333_%28CardioNetworks_ECGpedia%29.jpg/500px-E333_%28CardioNetworks_ECGpedia%29.jpg
ECG-400491,Joshua Taylor,Resting ECG,2024-10-24,Normal Sinus Rhythm,Dr. Reynolds,https://upload.wikimedia.org/wikipedia/commons/thumb/7/72/E333_%28CardioNetworks_ECGpedia%29.jpg/500px-E333_%28CardioNetworks_ECGpedia%29.jpg
ECG-400492,Emily Garcia,Resting ECG,2025-06-02,Normal Sinus Rhythm,Dr. Hernandez,https://upload.wikimedia.org/wikipedia/commons/thumb/6/6c/E000754_%28CardioNetworks_ECGpedia%29.jpg/500px-E000754_%28CardioNetworks_ECGpedia%29.jpg
ECG-400493,George Brown,Resting ECG,2024-06-28,Normal Sinus Rhythm — LVEF 52%,Dr. Barnes,https://upload.wikimedia.org/wikipedia/commons/thumb/6/6c/E000754_%28CardioNetworks_ECGpedia%29.jpg/500px-E000754_%28CardioNetworks_ECGpedia%29.jpg
ECG-400494,Daniel Rodriguez,Resting ECG,2024-11-13,Normal Sinus Rhythm,Dr. Abrams,https://upload.wikimedia.org/wikipedia/commons/thumb/6/6c/E000754_%28CardioNetworks_ECGpedia%29.jpg/500px-E000754_%28CardioNetworks_ECGpedia%29.jpg
ECG-400495,Jessica Jones,Resting ECG,2025-05-06,Normal Sinus Rhythm,Dr. Hernandez,https://upload.wikimedia.org/wikipedia/commons/thumb/7/72/E333_%28CardioNetworks_ECGpedia%29.jpg/500px-E333_%28CardioNetworks_ECGpedia%29.jpg
ECG-400496,Melissa Rodriguez,Resting ECG,2024-08-30,Normal Sinus Rhythm — LVEF 52%,Dr. Reynolds,https://upload.wikimedia.org/wikipedia/commons/thumb/6/6c/E000754_%28CardioNetworks_ECGpedia%29.jpg/500px-E000754_%28CardioNetworks_ECGpedia%29.jpg
ECG-400498,Andrew Smith,Resting ECG,2024-10-25,Sinus tachycardia — HR 105,Dr. Patel,https://upload.wikimedia.org/wikipedia/commons/thumb/6/6c/E000754_%28CardioNetworks_ECGpedia%29.jpg/500px-E000754_%28CardioNetworks_ECGpedia%29.jpg
ECG-400498,Andrew Smith,Resting ECG,2024-12-20,Normal Sinus Rhythm,Dr. Nguyen,https://upload.wikimedia.org/wikipedia/commons/thumb/6/6c/E000754_%28CardioNetworks_ECGpedia%29.jpg/500px-E000754_%28CardioNetworks_ECGpedia%29.jpg
ECG-400499,Sandra Smith,Resting ECG,2024-07-02,Normal Sinus Rhythm,Dr. Abrams,https://upload.wikimedia.org/wikipedia/commons/thumb/7/72/E333_%28CardioNetworks_ECGpedia%29.jpg/500px-E333_%28CardioNetworks_ECGpedia%29.jpg
